Team,#,POS.,FIFA POPULAR NAME,BIRTH DATE,SHIRT NAME,CLUB,HEIGHT,WEIGHT,ilk isim,soyisim
Argentina,3,DF,TAGLIAFICO Nicolas,31.08.1992,TAGLIAFICO,AFC Ajax (NED),169,65,TAGLIAFICO,Nicolas
Argentina,22,MF,PAVON Cristian,21.01.1996,PAVÓN,CA Boca Juniors (ARG),169,65,PAVON,Cristian
Argentina,15,MF,LANZINI Manuel,15.02.1993,LANZINI,West Ham United FC (ENG),167,66,LANZINI,Manuel
Argentina,18,DF,SALVIO Eduardo,13.07.1990,SALVIO,SL Benfica (POR),167,69,SALVIO,Eduardo
Argentina,10,FW,MESSI Lionel,24.06.1987,MESSI,FC Barcelona (ESP),170,72,MESSI,Lionel
Argentina,4,DF,ANSALDI Cristian,20.09.1986,ANSALDI,Torino FC (ITA),181,73,ANSALDI,Cristian
Argentina,5,MF,BIGLIA Lucas,30.01.1986,BIGLIA,AC Milan (ITA),175,73,BIGLIA,Lucas
Argentina,7,MF,BANEGA Ever,29.06.1988,BANEGA,Sevilla FC (ESP),175,73,BANEGA,Ever
Argentina,14,DF,MASCHERANO Javier,08.06.1984,MASCHERANO,Hebei China Fortune FC (CHN),174,73,MASCHERANO,Javier
Argentina,21,FW,DYBALA Paulo,15.11.1993,DYBALA,Juventus FC (ITA),177,73,DYBALA,Paulo
Argentina,19,FW,AGUERO Sergio,02.06.1988,AGÜERO,Manchester City FC (ENG),172,74,AGUERO,Sergio
Argentina,9,FW,HIGUAIN Gonzalo,10.12.1987,HIGUAÍN,Juventus FC (ITA),184,75,HIGUAIN,Gonzalo
Argentina,11,MF,DI MARIA Angel,14.02.1988,DI MARÍA,Paris Saint-Germain FC (FRA),178,75,DI,MARIA Angel
Argentina,20,MF,LO CELSO Giovani,09.04.1996,LO CELSO,Paris Saint-Germain FC (FRA),177,75,LO,CELSO Giovani
Argentina,13,MF,MEZA Maximiliano,15.12.1992,MEZA,CA Independiente (ARG),180,76,MEZA,Maximiliano
Argentina,8,DF,ACUNA Marcos,28.10.1991,ACUÑA,Sporting CP (POR),172,77,ACUNA,Marcos
Argentina,23,GK,CABALLERO Wilfredo,28.09.1981,CABALLERO,Chelsea FC (ENG),186,80,CABALLERO,Wilfredo
Argentina,2,DF,MERCADO Gabriel,18.03.1987,MERCADO,Sevilla FC (ESP),181,81,MERCADO,Gabriel
Argentina,17,DF,OTAMENDI Nicolas,12.02.1988,OTAMENDI,Manchester City FC (ENG),181,81,OTAMENDI,Nicolas
Argentina,16,DF,ROJO Marcos,20.03.1990,ROJO,Manchester United FC (ENG),189,82,ROJO,Marcos
Argentina,6,DF,FAZIO Federico,17.03.1987,FAZIO,AS Roma (ITA),199,85,FAZIO,Federico
Argentina,12,GK,ARMANI Franco,16.10.1986,ARMANI,CA River Plate (ARG),189,85,ARMANI,Franco
Argentina,1,GK,GUZMAN Nahuel,10.02.1986,GUZMÁN,Tigres UANL (MEX),192,90,GUZMAN,Nahuel
Australia,16,DF,BEHICH Aziz,16.12.1990,BEHICH,Bursaspor (TUR),170,63,BEHICH,Aziz
Australia,10,FW,KRUSE Robbie,05.10.1988,KRUSE,VfL Bochum (GER),180,66,KRUSE,Robbie
Australia,19,DF,RISDON Joshua,27.07.1992,RISDON,WS Wanderers FC (AUS),169,70,RISDON,Joshua
Australia,3,DF,MEREDITH James,05.04.1988,MEREDITH,Millwall FC (ENG),179,71,MEREDITH,James
Australia,13,MF,MOOY Aaron,15.09.1990,MOOY,Huddersfield Town FC (ENG),173,72,MOOY,Aaron
Australia,14,FW,MacLAREN Jamie,29.07.1993,MACLAREN,Hibernian FC (SCO),178,72,MacLAREN,Jamie
Australia,21,FW,PETRATOS Dimitrios,10.11.1992,PETRATOS,Newcastle United Jets FC (AUS),176,72,PETRATOS,Dimitrios
Australia,17,FW,ARZANI Daniel,04.01.1999,ARZANI,Melbourne City FC (AUS),171,73,ARZANI,Daniel
Australia,4,FW,CAHILL Tim,06.12.1979,CAHILL,Millwall FC (ENG),180,76,CAHILL,Tim
Australia,8,MF,LUONGO Massimo,25.09.1992,LUONGO,Queens Park Rangers FC (ENG),176,76,LUONGO,Massimo
Australia,20,DF,SAINSBURY Trent,05.01.1992,SAINSBURY,Grasshopper Club (SUI),183,76,SAINSBURY,Trent
Australia,22,MF,IRVINE Jackson,07.03.1993,IRVINE,Hull City FC (ENG),180,77,IRVINE,Jackson
Australia,5,DF,MILLIGAN Mark,04.08.1985,MILLIGAN,Al Ahli SC (KSA),178,78,MILLIGAN,Mark
Australia,15,MF,JEDINAK Mile,03.08.1984,JEDINAK,Aston Villa FC (ENG),188,78,JEDINAK,Mile
Australia,9,FW,JURIC Tomi,22.07.1991,JURIC,FC Luzern (SUI),190,80,JURIC,Tomi
Australia,1,GK,RYAN Mathew,08.04.1992,RYAN,Brighton & Hove Albion FC (ENG),184,82,RYAN,Mathew
Australia,6,DF,JURMAN Matthew,08.12.1989,JURMAN,Suwon Samsung Bluewings FC (KOR),190,83,JURMAN,Matthew
Australia,7,FW,LECKIE Mathew,04.02.1991,LECKIE,Hertha BSC (GER),181,84,LECKIE,Mathew
Australia,2,DF,DEGENEK Milos,28.04.1994,DEGENEK,Yokohama F-Marinos (JPN),187,85,DEGENEK,Milos
Australia,11,FW,NABBOUT Andrew,17.12.1992,NABBOUT,Urawa Reds (JPN),178,85,NABBOUT,Andrew
Australia,12,GK,JONES Brad,19.03.1982,JONES,Feyenoord Rotterdam (NED),193,87,JONES,Brad
Australia,23,MF,ROGIC Tom,16.12.1992,ROGIC,Celtic FC (SCO),189,88,ROGIC,Tom
Australia,18,GK,VUKOVIC Danny,27.03.1985,VUKOVIC,KRC Genk (BEL),187,94,VUKOVIC,Danny
Belgium,14,FW,MERTENS Dries,06.05.1987,MERTENS,SSC Napoli (ITA),169,61,MERTENS,Dries
Belgium,11,MF,CARRASCO Yannick,04.09.1993,CARRASCO,Dalian Yifang FC (CHN),180,67,CARRASCO,Yannick
Belgium,7,MF,DE BRUYNE Kevin,28.06.1991,DE BRUYNE,Manchester City FC (ENG),181,70,DE,BRUYNE Kevin
Belgium,16,MF,HAZARD Thorgan,29.03.1993,T. HAZARD,VfL Borussia Mönchengladbach (GER),174,70,HAZARD,Thorgan
Belgium,17,MF,TIELEMANS Youri,07.05.1997,TIELEMANS,AS Monaco (FRA),176,72,TIELEMANS,Youri
Belgium,6,MF,WITSEL Axel,12.01.1989,WITSEL,Tianjin Quanjian FC (CHN),186,73,WITSEL,Axel
Belgium,10,FW,HAZARD Eden,07.01.1991,E. HAZARD,Chelsea FC (ENG),173,74,HAZARD,Eden
Belgium,18,FW,JANUZAJ Adnan,05.02.1995,JANUZAJ,Real Sociedad (ESP),180,75,JANUZAJ,Adnan
Belgium,23,DF,DENDONCKER Leander,15.04.1995,DENDONCKER,RSC Anderlecht (BEL),188,76,DENDONCKER,Leander
Belgium,21,FW,BATSHUAYI Michy,02.10.1993,BATSHUAYI,Borussia Dortmund (GER),185,78,BATSHUAYI,Michy
Belgium,3,DF,VERMAELEN Thomas,14.11.1985,VERMAELEN,FC Barcelona (ESP),183,80,VERMAELEN,Thomas
Belgium,2,DF,ALDERWEIRELD Toby,02.03.1989,ALDERWEIRELD,Tottenham Hotspur FC (ENG),186,81,ALDERWEIRELD,Toby
Belgium,19,MF,DEMBELE Moussa,16.07.1987,DEMBELE,Tottenham Hotspur FC (ENG),185,82,DEMBELE,Moussa
Belgium,20,DF,BOYATA Dedryck,28.11.1990,BOYATA,Celtic FC (SCO),188,84,BOYATA,Dedryck
Belgium,4,DF,KOMPANY Vincent,10.04.1986,KOMPANY,Manchester City FC (ENG),190,85,KOMPANY,Vincent
Belgium,8,MF,FELLAINI Marouane,22.11.1987,FELLAINI,Manchester United FC (ENG),194,85,FELLAINI,Marouane
Belgium,22,MF,CHADLI Nacer,02.08.1989,CHADLI,West Bromwich Albion FC (ENG),187,85,CHADLI,Nacer
Belgium,5,DF,VERTONGHEN Jan,24.04.1987,VERTONGHEN,Tottenham Hotspur FC (ENG),189,86,VERTONGHEN,Jan
Belgium,13,GK,CASTEELS Koen,25.06.1992,CASTEELS,VfL Wolfsburg (GER),197,86,CASTEELS,Koen
Belgium,12,GK,MIGNOLET Simon,06.03.1988,MIGNOLET,Liverpool FC (ENG),193,87,MIGNOLET,Simon
Belgium,15,DF,MEUNIER Thomas,12.09.1991,MEUNIER,Paris Saint-Germain FC (FRA),190,88,MEUNIER,Thomas
Belgium,1,GK,COURTOIS Thibaut,11.05.1992,COURTOIS,Chelsea FC (ENG),199,91,COURTOIS,Thibaut
Belgium,9,FW,LUKAKU Romelu,13.05.1993,R. LUKAKU,Manchester United FC (ENG),190,94,LUKAKU,Romelu
Brazil,18,MF,FRED,05.03.1993,FRED,FC Shakhtar Donetsk (UKR),169,64,FRED,
Brazil,21,FW,TAISON,13.01.1988,TAISON,FC Shakhtar Donetsk (UKR),172,64,TAISON,
Brazil,17,MF,FERNANDINHO,04.05.1985,FERNANDINHO,Manchester City FC (ENG),179,67,FERNANDINHO,
Brazil,22,DF,FAGNER,11.06.1989,FAGNER,SC Corinthians (BRA),168,67,FAGNER,
Brazil,10,FW,NEYMAR,05.02.1992,NEYMAR JR,Paris Saint-Germain FC (FRA),175,68,NEYMAR,
Brazil,11,MF,PHILIPPE COUTINHO,12.06.1992,P. COUTINHO,FC Barcelona (ESP),172,68,PHILIPPE,COUTINHO
Brazil,7,FW,DOUGLAS COSTA,14.09.1990,D. COSTA,Juventus FC (ITA),182,70,DOUGLAS,COSTA
Brazil,6,DF,FILIPE LUIS,09.08.1985,FILIPE LUIS,Atletico Madrid (ESP),182,73,FILIPE,LUIS
Brazil,9,FW,GABRIEL JESUS,03.04.1997,G. JESUS,Manchester City FC (ENG),175,73,GABRIEL,JESUS
Brazil,13,DF,MARQUINHOS,14.05.1994,MARQUINHOS,Paris Saint-Germain FC (FRA),183,75,MARQUINHOS,
Brazil,20,FW,ROBERTO FIRMINO,02.10.1991,FIRMINO,Liverpool FC (ENG),181,76,ROBERTO,FIRMINO
Brazil,19,MF,WILLIAN,09.08.1988,WILLIAN,Chelsea FC (ENG),175,77,WILLIAN,
Brazil,3,DF,MIRANDA,07.09.1984,MIRANDA,FC Internazionale (ITA),186,78,MIRANDA,
Brazil,14,DF,DANILO,15.07.1991,DANILO,Manchester City FC (ENG),184,78,DANILO,
Brazil,2,DF,THIAGO SILVA,22.09.1984,T. SILVA,Paris Saint-Germain FC (FRA),183,79,THIAGO,SILVA
Brazil,12,DF,MARCELO,12.05.1988,MARCELO,Real Madrid CF (ESP),174,80,MARCELO,
Brazil,15,MF,PAULINHO,25.07.1988,PAULINHO,FC Barcelona (ESP),181,81,PAULINHO,
Brazil,4,DF,PEDRO GEROMEL,21.09.1985,GEROMEL,Grêmio FBPA (BRA),190,84,PEDRO,GEROMEL
Brazil,5,MF,CASEMIRO,23.02.1992,CASEMIRO,Real Madrid CF (ESP),185,84,CASEMIRO,
Brazil,8,MF,RENATO AUGUSTO,08.02.1988,R. AUGUSTO,Beijing Guoan (CHN),186,86,RENATO,AUGUSTO
Brazil,23,GK,EDERSON,17.08.1993,EDERSON,Manchester City FC (ENG),188,86,EDERSON,
Brazil,1,GK,ALISSON,02.10.1992,A. BECKER,AS Roma (ITA),193,91,ALISSON,
Brazil,16,GK,CASSIO,06.06.1987,CASSIO,SC Corinthians (BRA),195,92,CASSIO,
Colombia,20,MF,QUINTERO Juan,18.01.1993,J. QUINTERO,CA River Plate (ARG),169,64,QUINTERO,Juan
Colombia,17,DF,MOJICA Johan,21.08.1992,J. MOJICA,Girona FC (ESP),185,66,MOJICA,Johan
Colombia,16,MF,LERMA Jefferson,25.10.1994,J. LERMA,Levante UD (ESP),179,70,LERMA,Jefferson
Colombia,4,DF,ARIAS Santiago,13.01.1992,ARIAS,PSV Eindhoven (NED),177,71,ARIAS,Santiago
Colombia,15,MF,URIBE Mateus,21.03.1991,M. URIBE,Club América (MEX),182,71,URIBE,Mateus
Colombia,9,FW,FALCAO Radamel,10.02.1986,FALCAO,AS Monaco (FRA),177,72,FALCAO,Radamel
Colombia,11,MF,CUADRADO Juan,26.05.1988,CUADRADO,Juventus FC (ITA),179,72,CUADRADO,Juan
Colombia,18,DF,FABRA Frank,22.02.1991,FABRA,CA Boca Juniors (ARG),172,72,FABRA,Frank
Colombia,21,FW,IZQUIERDO Jose,07.07.1992,IZQUIERDO,Brighton & Hove Albion FC (ENG),171,73,IZQUIERDO,Jose
Colombia,5,MF,BARRIOS  Wilmar,16.10.1993,BARRIOS,CA Boca Juniors (ARG),178,74,BARRIOS, Wilmar
Colombia,19,FW,BORJA Miguel,26.01.1993,M. BORJA,SE Palmeiras (BRA),183,74,BORJA,Miguel
Colombia,10,MF,RODRIGUEZ James,12.07.1991,JAMES,FC Bayern München (GER),180,75,RODRIGUEZ,James
Colombia,7,FW,BACCA Carlos,08.09.1986,BACCA,Villarreal CF (ESP),181,77,BACCA,Carlos
Colombia,14,FW,MURIEL Luis,16.04.1991,L. MURIEL,Sevilla FC (ESP),178,79,MURIEL,Luis
Colombia,1,GK,OSPINA David,31.08.1988,OSPINA,Arsenal FC (ENG),183,80,OSPINA,David
Colombia,3,DF,MURILLO Oscar,18.04.1988,O. MURILLO,CF Pachuca (MEX),184,80,MURILLO,Oscar
Colombia,12,GK,VARGAS Camilo,09.03.1989,C. VARGAS,AC Deportivo Cali (COL),185,80,VARGAS,Camilo
Colombia,22,GK,CUADRADO Jose,01.06.1985,J.F. CUADRADO,CD Once Caldas (COL),180,80,CUADRADO,Jose
Colombia,23,DF,SANCHEZ Davinson,12.06.1996,D. SANCHEZ,Tottenham Hotspur FC (ENG),187,81,SANCHEZ,Davinson
Colombia,2,DF,ZAPATA Cristian,30.09.1986,C. ZAPATA,AC Milan (ITA),187,82,ZAPATA,Cristian
Colombia,6,MF,SANCHEZ Carlos,06.02.1986,C. SANCHEZ,RCD Espanyol (ESP),182,82,SANCHEZ,Carlos
Colombia,8,MF,AGUILAR Abel,06.01.1985,AGUILAR T.,AC Deportivo Cali (COL),185,82,AGUILAR,Abel
Colombia,13,DF,MINA Yerry,23.09.1994,Y. MINA,FC Barcelona (ESP),194,95,MINA,Yerry
Costa Rica,7,MF,BOLANOS Christian,17.05.1984,C. BOLAÑOS,Deportivo Saprissa (CRC),178,67,BOLANOS,Christian
Costa Rica,16,DF,GAMBOA Cristian,24.10.1989,C. GAMBOA,Celtic FC (SCO),175,67,GAMBOA,Cristian
Costa Rica,17,MF,TEJEDA Yeltsin,17.03.1992,Y. TEJEDA,FC Lausanne-Sport (SUI),179,67,TEJEDA,Yeltsin
Costa Rica,4,DF,SMITH Ian,06.03.1998,I. SMITH,IFK Norrkoping FK (SWE),177,68,SMITH,Ian
Costa Rica,8,DF,OVIEDO Bryan,18.02.1990,B. OVIEDO,Sunderland AFC (ENG),172,70,OVIEDO,Bryan
Costa Rica,13,MF,WALLACE Rodney,17.06.1988,R. WALLACE,New York City FC (USA),180,70,WALLACE,Rodney
Costa Rica,21,FW,URENA Marcos,05.03.1990,M. UREÑA,Los Angeles FC (USA),181,70,URENA,Marcos
Costa Rica,22,DF,MATARRITA Ronald,09.07.1994,R. MATARRITA,New York City FC (USA),175,70,MATARRITA,Ronald
Costa Rica,23,GK,MOREIRA Leonel,02.04.1990,L. MOREIRA,CS Herediano (CRC),179,70,MOREIRA,Leonel
Costa Rica,12,FW,CAMPBELL Joel,26.06.1992,J. CAMPBELL,Real Betis (ESP),178,71,CAMPBELL,Joel
Costa Rica,18,GK,PEMBERTON Patrick,24.04.1982,P. PEMBERTON,LD Alajuelense (CRC),178,72,PEMBERTON,Patrick
Costa Rica,10,MF,RUIZ Bryan,18.08.1985,BRYAN,Sporting CP (POR),187,73,RUIZ,Bryan
Costa Rica,2,DF,ACOSTA Johnny,21.07.1983,J. ACOSTA,Rionegro Águilas (COL),176,75,ACOSTA,Johnny
Costa Rica,9,MF,COLINDRES Daniel,10.01.1985,D. COLINDRES,Deportivo Saprissa (CRC),180,75,COLINDRES,Daniel
Costa Rica,11,FW,VENEGAS Johan,27.11.1988,J. VENEGAS,Deportivo Saprissa (CRC),183,76,VENEGAS,Johan
Costa Rica,3,DF,GONZALEZ Giancarlo,08.02.1988,G. GONZALEZ,Bologna FC (ITA),186,78,GONZALEZ,Giancarlo
Costa Rica,15,DF,CALVO Francisco,08.07.1992,F. CALVO,Minnesota United FC (USA),180,78,CALVO,Francisco
Costa Rica,20,MF,GUZMAN David,18.02.1990,D. GUZMAN,Portland Timbers (USA),176,78,GUZMAN,David
Costa Rica,5,MF,BORGES Celso,27.05.1988,C. BORGES,Deportivo La Coruña (ESP),187,79,BORGES,Celso
Costa Rica,1,GK,NAVAS Keylor,15.12.1986,K. NAVAS,Real Madrid CF (ESP),185,80,NAVAS,Keylor
Costa Rica,6,DF,DUARTE Oscar,03.06.1989,O. DUARTE,RCD Espanyol (ESP),186,81,DUARTE,Oscar
Costa Rica,14,MF,AZOFEIFA Randall,30.12.1984,R. AZOFEIFA,CS Herediano (CRC),182,83,AZOFEIFA,Randall
Costa Rica,19,DF,WASTON Kendall,01.01.1988,K. WASTON,Vancouver Whitecaps FC (CAN),196,87,WASTON,Kendall
Croatia,10,MF,MODRIC Luka,09.09.1985,MODRIĆ,Real Madrid CF (ESP),172,66,MODRIC,Luka
Croatia,11,MF,BROZOVIC Marcelo,16.11.1992,BROZOVIĆ,FC Internazionale (ITA),181,68,BROZOVIC,Marcelo
Croatia,22,DF,PIVARIC Josip,30.01.1989,PIVARIĆ,FC Dynamo Kyiv (UKR),176,69,PIVARIC,Josip
Croatia,9,FW,KRAMARIC Andrej,19.06.1991,KRAMARIĆ,TSG 1899 Hoffenheim (GER),177,73,KRAMARIC,Andrej
Croatia,2,DF,VRSALJKO Sime,10.01.1992,VRSALJKO,Atletico Madrid (ESP),181,76,VRSALJKO,Sime
Croatia,19,MF,BADELJ Milan,25.02.1989,BADELJ,ACF Fiorentina (ITA),186,76,BADELJ,Milan
Croatia,21,DF,VIDA Domagoj,29.04.1989,VIDA,Besiktas JK (TUR),184,76,VIDA,Domagoj
Croatia,3,DF,STRINIC Ivan,17.07.1987,STRINIĆ,UC Sampdoria (ITA),186,78,STRINIC,Ivan
Croatia,7,MF,RAKITIC Ivan,10.03.1988,RAKITIĆ,FC Barcelona (ESP),184,78,RAKITIC,Ivan
Croatia,8,MF,KOVACIC Mateo,06.05.1994,KOVAČIĆ,Real Madrid CF (ESP),178,78,KOVACIC,Mateo
Croatia,14,MF,BRADARIC Filip,11.01.1992,BRADARIĆ,HNK Rijeka (CRO),186,78,BRADARIC,Filip
Croatia,18,FW,REBIC Ante,21.09.1993,REBIĆ,Eintracht Frankfurt (GER),185,78,REBIC,Ante
Croatia,4,FW,PERISIC Ivan,02.02.1989,PERIŠIĆ,FC Internazionale (ITA),186,81,PERISIC,Ivan
Croatia,13,DF,JEDVAJ Tin,28.11.1995,JEDVAJ,Bayer 04 Leverkusen (GER),184,81,JEDVAJ,Tin
Croatia,16,FW,KALINIC Nikola,05.01.1988,N. KALINIĆ,AC Milan (ITA),187,81,KALINIC,Nikola
Croatia,1,GK,LIVAKOVIC Dominik,09.01.1995,LIVAKOVIĆ,GNK Dinamo Zagreb (CRO),188,82,LIVAKOVIC,Dominik
Croatia,20,FW,PJACA Marko,06.05.1995,PJACA,FC Schalke 04 (GER),186,83,PJACA,Marko
Croatia,5,DF,CORLUKA Vedran,05.02.1986,ĆORLUKA,FC Lokomotiv Moscow (RUS),192,84,CORLUKA,Vedran
Croatia,6,DF,LOVREN Dejan,05.07.1989,LOVREN,Liverpool FC (ENG),188,84,LOVREN,Dejan
Croatia,23,GK,SUBASIC Danijel,27.10.1984,SUBAŠIĆ,AS Monaco (FRA),191,84,SUBASIC,Danijel
Croatia,17,FW,MANDZUKIC Mario,21.05.1986,MANDŽUKIĆ,Juventus FC (ITA),190,85,MANDZUKIC,Mario
Croatia,15,DF,CALETA-CAR Duje,17.09.1996,ĆALETA-CAR,FC Red Bull Salzburg (AUT),192,89,CALETA-CAR,Duje
Croatia,12,GK,KALINIC Lovre,03.04.1990,L. KALINIĆ,KAA Gent (BEL),201,96,KALINIC,Lovre
Denmark,2,MF,KROHN-DEHLI Michael,06.06.1983,KROHN-DEHLI,Deportivo La Coruña (ESP),171,69,KROHN-DEHLI,Michael
Denmark,23,FW,SISTO Pione,04.02.1995,SISTO,Celta Vigo (ESP),173,69,SISTO,Pione
Denmark,11,FW,BRAITHWAITE Martin,05.06.1991,BRAITHWAITE,FC Girondins Bordeaux (FRA),180,73,BRAITHWAITE,Martin
Denmark,10,MF,ERIKSEN Christian,14.02.1992,ERIKSEN,Tottenham Hotspur FC (ENG),181,76,ERIKSEN,Christian
Denmark,8,MF,DELANEY Thomas,03.09.1991,DELANEY,SV Werder Bremen (GER),180,78,DELANEY,Thomas
Denmark,7,MF,KVIST William,24.02.1985,KVIST,FC Kobenhavn (DEN),185,80,KVIST,William
Denmark,15,FW,FISCHER Viktor,09.06.1994,FISCHER,FC Kobenhavn (DEN),181,80,FISCHER,Viktor
Denmark,19,MF,SCHONE Lasse,27.05.1986,SCHÖNE,AFC Ajax (NED),178,80,SCHONE,Lasse
Denmark,14,DF,DALSGAARD Henrik,27.07.1989,DALSGAARD,Brentford FC (ENG),190,81,DALSGAARD,Henrik
Denmark,5,DF,KNUDSEN Jonas,16.09.1992,KNUDSEN,Ipswich Town FC (ENG),187,82,KNUDSEN,Jonas
Denmark,17,DF,STRYGER LARSEN Jens,21.02.1991,STRYGER,Udinese Calcio (ITA),182,82,STRYGER,LARSEN Jens
Denmark,4,DF,KJAER Simon,26.03.1989,KJÆR,Sevilla FC (ESP),191,84,KJAER,Simon
Denmark,20,FW,POULSEN Yussuf Yurary,15.06.1994,YURARY,RB Leipzig (GER),193,84,POULSEN,Yussuf Yurary
Denmark,6,DF,CHRISTENSEN Andreas,10.04.1996,CHRISTENSEN,Chelsea FC (ENG),192,85,CHRISTENSEN,Andreas
Denmark,12,FW,DOLBERG Kasper,06.10.1997,DOLBERG,AFC Ajax (NED),187,85,DOLBERG,Kasper
Denmark,13,DF,JORGENSEN Mathias,23.04.1990,M. JØRGENSEN,Huddersfield Town FC (ENG),191,85,JORGENSEN,Mathias
Denmark,18,MF,LERAGER Lukas,12.07.1993,LERAGER,FC Girondins Bordeaux (FRA),186,85,LERAGER,Lukas
Denmark,22,GK,RONNOW Frederik,04.08.1992,RØNNOW,Brondby IF (DEN),190,85,RONNOW,Frederik
Denmark,9,FW,JORGENSEN Nicolai,15.01.1991,N. JØRGENSEN,Feyenoord Rotterdam (NED),194,86,JORGENSEN,Nicolai
Denmark,16,GK,LOSSL Jonas,01.02.1989,LÖSSL,Huddersfield Town FC (ENG),195,90,LOSSL,Jonas
Denmark,21,FW,CORNELIUS Andreas,16.03.1993,CORNELIUS,Atalanta Bergamo (ITA),195,91,CORNELIUS,Andreas
Denmark,1,GK,SCHMEICHEL Kasper,05.11.1986,SCHMEICHEL,Leicester City FC (ENG),190,92,SCHMEICHEL,Kasper
Denmark,3,DF,VESTERGAARD Jannik,03.08.1992,VESTERGAARD,VfL Borussia Mönchengladbach (GER),200,98,VESTERGAARD,Jannik
Egypt,8,MF,TAREK HAMED,24.10.1988,TAREK HAMED,Zamalek (EGY),169,67,TAREK,HAMED
Egypt,4,MF,OMAR GABER,30.01.1992,O. GABER,Los Angeles FC (USA),175,71,OMAR,GABER
Egypt,10,FW,MOHAMED SALAH,15.06.1992,M SALAH,Liverpool FC (ENG),175,71,MOHAMED,SALAH
Egypt,13,DF,MOHAMED ABDELSHAFY,01.07.1985,ABDELSHAFY,Al Fateh FC (KSA),171,72,MOHAMED,ABDELSHAFY
Egypt,15,DF,MAHMOUD HAMDY,01.06.1995,M. HAMDY,Zamalek (EGY),173,72,MAHMOUD,HAMDY
Egypt,12,DF,AYMAN ASHRAF,09.04.1991,A. ASHRAF,Al Ahly SC (EGY),176,73,AYMAN,ASHRAF
Egypt,17,MF,MOHAMED ELNENY,11.07.1992,M. ELNENY,Arsenal FC (ENG),181,74,MOHAMED,ELNENY
Egypt,5,MF,SAM MORSY,10.09.1991,MORSY,Wigan Athletic FC (ENG),173,75,SAM,MORSY
Egypt,19,MF,ABDALLA SAID,13.07.1985,ABDALLA,Kuopion PS (FIN),176,75,ABDALLA,SAID
Egypt,3,DF,AHMED ELMOHAMADY,09.09.1987,ELMOHAMADY,Aston Villa FC (ENG),183,76,AHMED,ELMOHAMADY
Egypt,7,DF,AHMED FATHI,10.11.1984,A. FATHI,Al Ahly SC (EGY),176,76,AHMED,FATHI
Egypt,11,FW,KAHRABA,13.04.1994,M. KAHRABA,Al-Ittihad FC (KSA),182,76,KAHRABA,
Egypt,14,FW,RAMADAN SOBHY,23.01.1997,RAMADAN,Stoke City FC (ENG),183,77,RAMADAN,SOBHY
Egypt,21,MF,TREZEGUET,01.10.1994,M. TREZEGUET,Kasimpasa SK (TUR),181,77,TREZEGUET,
Egypt,22,FW,AMR WARDA,17.09.1993,WARDA,Atromitos FC (GRE),179,77,AMR,WARDA
Egypt,18,FW,SHIKABALA,05.03.1986,SHIKABALA,Al Raed SC (KSA),183,80,SHIKABALA,
Egypt,9,FW,MARWAN MOHSEN,26.02.1989,MARWAN,Al Ahly SC (EGY),185,81,MARWAN,MOHSEN
Egypt,20,DF,SAMIR SAAD,01.04.1989,S. SAMIR,Al Ahly SC (EGY),183,82,SAMIR,SAAD
Egypt,23,GK,MOHAMED ELSHENAWY,18.12.1988,M. ELSHENAWY,Al Ahly SC (EGY),191,86,MOHAMED,ELSHENAWY
Egypt,2,DF,ALI GABR,01.01.1989,ALI GABR,West Bromwich Albion FC (ENG),191,88,ALI,GABR
Egypt,1,GK,ESSAM EL HADARY,15.01.1973,ELHADARY,Al Taawoun FC (KSA),190,90,ESSAM,EL HADARY
Egypt,16,GK,SHERIF EKRAMY,10.07.1983,EKRAMY,Al Ahly SC (EGY),193,93,SHERIF,EKRAMY
Egypt,6,DF,AHMED HEGAZY,25.01.1991,A. HEGAZY,West Bromwich Albion FC (ENG),194,95,AHMED,HEGAZY
England,7,MF,LINGARD Jesse,15.12.1992,LINGARD,Manchester United FC (ENG),175,60,LINGARD,Jesse
England,10,FW,STERLING Raheem,08.12.1994,STERLING,Manchester City FC (ENG),170,70,STERLING,Raheem
England,22,DF,ALEXANDER-ARNOLD Trent,07.10.1998,ALEXANDER-ARNOLD,Liverpool FC (ENG),175,70,ALEXANDER-ARNOLD,Trent
England,1,GK,PICKFORD Jordan,07.03.1994,PICKFORD,Everton FC (ENG),185,72,PICKFORD,Jordan
England,5,DF,STONES John,28.05.1994,STONES,Manchester City FC (ENG),188,72,STONES,John
England,12,DF,TRIPPIER Kieran,19.09.1990,TRIPPIER,Tottenham Hotspur FC (ENG),178,72,TRIPPIER,Kieran
England,16,DF,JONES Phil,21.02.1992,JONES,Manchester United FC (ENG),182,72,JONES,Phil
England,21,MF,LOFTUS-CHEEK Ruben,23.01.1996,LOFTUS-CHEEK,Chelsea FC (ENG),190,73,LOFTUS-CHEEK,Ruben
England,3,DF,ROSE Danny,02.07.1990,ROSE,Tottenham Hotspur FC (ENG),173,76,ROSE,Danny
England,20,MF,ALLI Dele,11.04.1996,DELE,Tottenham Hotspur FC (ENG),188,76,ALLI,Dele
England,23,GK,POPE Nick,19.04.1992,POPE,Burnley FC (ENG),191,76,POPE,Nick
England,14,FW,WELBECK Danny,26.11.1990,WELBECK,Arsenal FC (ENG),184,78,WELBECK,Danny
England,17,DF,DELPH Fabian,21.11.1989,DELPH,Manchester City FC (ENG),174,78,DELPH,Fabian
England,18,DF,YOUNG Ashley,09.07.1985,YOUNG,Manchester United FC (ENG),175,78,YOUNG,Ashley
England,19,FW,RASHFORD Marcus,31.10.1997,RASHFORD,Manchester United FC (ENG),180,78,RASHFORD,Marcus
England,11,FW,VARDY Jamie,11.01.1987,VARDY,Leicester City FC (ENG),178,80,VARDY,Jamie
England,8,MF,HENDERSON Jordan,17.06.1990,HENDERSON,Liverpool FC (ENG),183,82,HENDERSON,Jordan
England,2,DF,WALKER Kyle,28.05.1990,WALKER,Manchester City FC (ENG),178,83,WALKER,Kyle
England,15,DF,CAHILL Gary,19.12.1985,CAHILL,Chelsea FC (ENG),191,85,CAHILL,Gary
England,4,MF,DIER Eric,15.01.1994,DIER,Tottenham Hotspur FC (ENG),188,90,DIER,Eric
England,13,GK,BUTLAND Jack,10.03.1993,BUTLAND,Stoke City FC (ENG),196,96,BUTLAND,Jack
England,6,DF,MAGUIRE Harry,05.03.1993,MAGUIRE,Leicester City FC (ENG),193,98,MAGUIRE,Harry
England,9,FW,KANE Harry,28.07.1993,KANE,Tottenham Hotspur FC (ENG),188,98,KANE,Harry
France,8,FW,LEMAR Thomas,12.11.1995,LEMAR,AS Monaco (FRA),172,65,LEMAR,Thomas
France,11,FW,DEMBELE Ousmane,15.05.1997,DEMBELE,FC Barcelona (ESP),178,70,DEMBELE,Ousmane
France,13,MF,KANTE Ngolo,29.03.1991,KANTE,Chelsea FC (ENG),168,70,KANTE,Ngolo
France,7,FW,GRIEZMANN Antoine,21.03.1991,GRIEZMANN,Atletico Madrid (ESP),174,72,GRIEZMANN,Antoine
France,14,MF,MATUIDI Blaise,09.04.1987,MATUIDI,Juventus FC (ITA),180,74,MATUIDI,Blaise
France,2,DF,PAVARD Benjamin,28.03.1996,PAVARD,VfB Stuttgart (GER),186,76,PAVARD,Benjamin
France,18,FW,FEKIR Nabil,18.07.1993,FEKIR,Olympique Lyon (FRA),173,76,FEKIR,Nabil
France,20,FW,THAUVIN Florian,26.01.1993,THAUVIN,Olympique Marseille (FRA),180,76,THAUVIN,Florian
France,21,DF,HERNANDEZ Lucas,14.02.1996,HERNANDEZ,Atletico Madrid (ESP),183,76,HERNANDEZ,Lucas
France,3,DF,KIMPEMBE Presnel,13.08.1995,KIMPEMBE,Paris Saint-Germain FC (FRA),182,78,KIMPEMBE,Presnel
France,10,FW,MBAPPE Kylian,20.12.1998,MBAPPE,Paris Saint-Germain FC (FRA),178,78,MBAPPE,Kylian
France,4,DF,VARANE Raphael,25.04.1993,VARANE,Real Madrid CF (ESP),191,79,VARANE,Raphael
France,19,DF,SIDIBE Djibril,29.07.1992,SIDIBE,AS Monaco (FRA),184,81,SIDIBE,Djibril
France,1,GK,LLORIS Hugo,26.12.1986,LLORIS,Tottenham Hotspur FC (ENG),188,82,LLORIS,Hugo
France,12,MF,TOLISSO Corentin,03.08.1994,TOLISSO,FC Bayern München (GER),180,82,TOLISSO,Corentin
France,5,DF,UMTITI Samuel,14.11.1993,UMTITI,FC Barcelona (ESP),183,84,UMTITI,Samuel
France,22,DF,MENDY Benjamin,17.07.1994,MENDY,Manchester City FC (ENG),183,84,MENDY,Benjamin
France,6,MF,POGBA Paul,15.03.1993,POGBA,Manchester United FC (ENG),191,86,POGBA,Paul
France,15,MF,NZONZI Steven,15.12.1988,NZONZI,Sevilla FC (ESP),197,87,NZONZI,Steven
France,16,GK,MANDANDA Steve,28.03.1985,MANDANDA,Olympique Marseille (FRA),187,88,MANDANDA,Steve
France,17,DF,RAMI Adil,27.12.1985,RAMI,Olympique Marseille (FRA),190,90,RAMI,Adil
France,9,FW,GIROUD Olivier,30.09.1986,GIROUD,Chelsea FC (ENG),193,91,GIROUD,Olivier
France,23,GK,AREOLA Alphonse,27.02.1993,AREOLA,Paris Saint-Germain FC (FRA),195,95,AREOLA,Alphonse
Germany,11,FW,REUS Marco,31.05.1989,REUS,Borussia Dortmund (GER),180,67,REUS,Marco
Germany,10,MF,OEZIL Mesut,15.10.1988,ÖZIL,Arsenal FC (ENG),180,70,OEZIL,Mesut
Germany,18,DF,KIMMICH Joshua,08.02.1995,KIMMICH,FC Bayern München (GER),176,72,KIMMICH,Joshua
Germany,7,MF,DRAXLER Julian,20.09.1993,DRAXLER,Paris Saint-Germain FC (FRA),185,74,DRAXLER,Julian
Germany,19,MF,RUDY Sebastian,28.02.1990,RUDY,FC Bayern München (GER),179,74,RUDY,Sebastian
Germany,3,DF,HECTOR Jonas,27.05.1990,HECTOR,1. FC Köln (GER),185,75,HECTOR,Jonas
Germany,9,FW,WERNER Timo,06.03.1996,WERNER,RB Leipzig (GER),181,75,WERNER,Timo
Germany,13,MF,MUELLER Thomas,13.09.1989,MÜLLER,FC Bayern München (GER),186,75,MUELLER,Thomas
Germany,2,DF,PLATTENHARDT Marvin,26.01.1992,PLATTENHARDT,Hertha BSC (GER),181,76,PLATTENHARDT,Marvin
Germany,14,MF,GORETZKA Leon,06.02.1995,GORETZKA,FC Schalke 04 (GER),189,76,GORETZKA,Leon
Germany,8,MF,KROOS Toni,04.01.1990,KROOS,Real Madrid CF (ESP),182,78,KROOS,Toni
Germany,21,MF,GUENDOGAN Ilkay,24.10.1990,GÜNDOGAN,Manchester City FC (ENG),180,79,GUENDOGAN,Ilkay
Germany,6,DF,KHEDIRA Sami,04.04.1987,KHEDIRA,Juventus FC (ITA),189,81,KHEDIRA,Sami
Germany,20,MF,BRANDT Julian,02.05.1996,BRANDT,Bayer 04 Leverkusen (GER),183,82,BRANDT,Julian
Germany,23,FW,GOMEZ Mario,10.07.1985,GOMEZ,VfB Stuttgart (GER),189,82,GOMEZ,Mario
Germany,4,DF,GINTER Matthias,19.01.1994,GINTER,VfL Borussia Mönchengladbach (GER),189,85,GINTER,Matthias
Germany,16,DF,RUEDIGER Antonio,03.03.1993,RÜDIGER,Chelsea FC (ENG),191,85,RUEDIGER,Antonio
Germany,22,GK,TER STEGEN Marc-Andre,30.04.1992,TER STEGEN,FC Barcelona (ESP),187,85,TER,STEGEN Marc-Andre
Germany,12,GK,TRAPP Kevin,08.07.1990,TRAPP,Paris Saint-Germain FC (FRA),189,88,TRAPP,Kevin
Germany,15,DF,SUELE Niklas,03.09.1995,SÜLE,FC Bayern München (GER),195,89,SUELE,Niklas
Germany,5,DF,HUMMELS Mats,16.12.1988,HUMMELS,FC Bayern München (GER),192,90,HUMMELS,Mats
Germany,17,DF,BOATENG Jerome,03.09.1988,BOATENG,FC Bayern München (GER),192,90,BOATENG,Jerome
Germany,1,GK,NEUER Manuel,27.03.1986,NEUER,FC Bayern München (GER),193,93,NEUER,Manuel
Iceland,23,DF,SKULASON Ari,14.05.1987,A. SKÚLASON,KSC Lokeren (BEL),170,63,SKULASON,Ari
Iceland,21,MF,TRAUSTASON Arnor,30.04.1993,TRAUSTASON,Malmö FF (SWE),183,73,TRAUSTASON,Arnor
Iceland,2,DF,SAEVARSSON Birkir,11.11.1984,SÆVARSSON,Valur Reykjavik (ISL),186,75,SAEVARSSON,Birkir
Iceland,13,GK,RUNARSSON Runar,18.02.1995,RÚNARSSON,FC Nordsjaelland (DEN),186,76,RUNARSSON,Runar
Iceland,7,MF,GUDMUNDSSON Johann,27.10.1990,J. GUDMUNDSSON,Burnley FC (ENG),179,77,GUDMUNDSSON,Johann
Iceland,8,MF,BJARNASON Birkir,27.05.1988,B. BJARNASON,Aston Villa FC (ENG),183,77,BJARNASON,Birkir
Iceland,3,MF,FRIDJONSSON Samuel,22.02.1996,FRIDJÓNSSON,Valerenga IF (NOR),185,78,FRIDJONSSON,Samuel
Iceland,19,MF,GISLASON Rurik,25.02.1988,GISLASON,SV Sandhausen (GER),184,78,GISLASON,Rurik
Iceland,11,FW,FINNBOGASON Alfred,01.02.1989,FINNBOGASON,FC Augsburg (GER),185,79,FINNBOGASON,Alfred
Iceland,16,MF,SKULASON Olafur,01.04.1983,Ó. SKÚLASON,Karabukspor (TUR),184,79,SKULASON,Olafur
Iceland,4,MF,GUDMUNDSSON Albert,15.06.1997,A. GUDMUNDSSON,PSV Eindhoven (NED),177,80,GUDMUNDSSON,Albert
Iceland,5,DF,INGASON Sverrir,05.08.1993,INGASON,FC Rostov (RUS),188,80,INGASON,Sverrir
Iceland,15,DF,EYJOLFSSON Holmar,06.08.1990,EYJÓLFSSON,Levski Sofia (BUL),188,81,EYJOLFSSON,Holmar
Iceland,10,MF,SIGURDSSON Gylfi,08.09.1989,G. SIGURDSSON,Everton FC (ENG),186,82,SIGURDSSON,Gylfi
Iceland,14,DF,ARNASON Kari,13.10.1982,ARNASON,Aberdeen FC (SCO),191,82,ARNASON,Kari
Iceland,9,FW,SIGURDARSON Bjorn,26.02.1991,SIGURDARSON,FC Rostov (RUS),187,85,SIGURDARSON,Bjorn
Iceland,18,DF,MAGNUSSON Hordur,11.02.1993,MAGNÚSSON,Bristol City FC (ENG),191,85,MAGNUSSON,Hordur
Iceland,6,DF,SIGURDSSON Ragnar,19.06.1986,R. SIGURDSSON,FC Rostov (RUS),187,86,SIGURDSSON,Ragnar
Iceland,17,MF,GUNNARSSON Aron,22.04.1989,GUNNARSSON,Cardiff City FC (WAL),181,86,GUNNARSSON,Aron
Iceland,20,MF,HALLFREDSSON Emil,29.06.1984,HALLFREDSSON,Udinese Calcio (ITA),186,86,HALLFREDSSON,Emil
Iceland,1,GK,HALLDORSSON Hannes,27.04.1984,HALLDORSSON,Randers FC (DEN),193,88,HALLDORSSON,Hannes
Iceland,22,FW,BODVARSSON Jon,25.05.1992,BÖDVARSSON,Reading FC (ENG),189,89,BODVARSSON,Jon
Iceland,12,GK,SCHRAM Frederik,19.01.1995,SCHRAM,Roskilde BK (DEN),198,92,SCHRAM,Frederik
IR Iran,5,DF,MOHAMMADI Milad,29.09.1993,M. MOHAMMADI,FC Akhmat Grozny (RUS),178,69,MOHAMMADI,Milad
IR Iran,2,MF,TORABI Mehdi,10.09.1994,M. TORABI,Saipa Alborz FC (IRN),185,71,TORABI,Mehdi
IR Iran,11,MF,AMIRI Vahid,02.04.1988,V. AMIRI,Persepolis FC (IRN),179,71,AMIRI,Vahid
IR Iran,3,DF,HAJI SAFI Ehsan,25.02.1990,HAJI SAFI,Olympiacos Piraeus FC (GRE),178,75,HAJI,SAFI Ehsan
IR Iran,9,MF,EBRAHIMI Omid,16.09.1987,OMID,Esteghlal Tehran FC (IRN),178,75,EBRAHIMI,Omid
IR Iran,23,DF,REZAEIAN Ramin,21.03.1990,RAMIN,KV Oostende (BEL),185,75,REZAEIAN,Ramin
IR Iran,15,DF,MONTAZERI Pejman,06.09.1983,P. MONTAZERI,Esteghlal Tehran FC (IRN),185,77,MONTAZERI,Pejman
IR Iran,18,FW,JAHANBAKHSH Alireza,11.08.1993,A. JAHANBAKHSH,AZ Alkmaar (NED),180,77,JAHANBAKHSH,Alireza
IR Iran,19,DF,HOSSEINI Majid,20.06.1996,M. HOSSEINI,Esteghlal Tehran FC (IRN),183,78,HOSSEINI,Majid
IR Iran,21,FW,DEJAGAH Ashkan,05.07.1986,DEJAGAH,Nottingham Forest FC (ENG),181,78,DEJAGAH,Ashkan
IR Iran,7,MF,SHOJAEI Masoud,09.06.1984,SHOJAEI M.,AEK Athens (GRE),187,79,SHOJAEI,Masoud
IR Iran,14,FW,GHODDOS  Saman,06.09.1993,GHODDOS,IFK Östersund FK (SWE),177,79,GHODDOS, Saman
IR Iran,16,FW,GHOOCHANNEJHAD Reza,20.09.1987,REZA,SC Heerenveen (NED),180,79,GHOOCHANNEJHAD,Reza
IR Iran,4,DF,CHESHMI Roozbeh,24.07.1993,R. CHESHMI,Esteghlal Tehran FC (IRN),192,80,CHESHMI,Roozbeh
IR Iran,10,FW,ANSARIFARD Karim,03.04.1990,KARIM,Olympiacos Piraeus FC (GRE),187,80,ANSARIFARD,Karim
IR Iran,13,DF,KHANZADEH Mohammad Reza,11.05.1991,M.R. KHANZADEH,Padideh FC (IRN),186,80,KHANZADEH,Mohammad Reza
IR Iran,17,FW,TAREMI Mehdi,18.07.1992,MEHDI,Al Gharafa SC (QAT),187,80,TAREMI,Mehdi
IR Iran,20,FW,AZMOUN Sardar,01.01.1995,SARDAR,FC Rubin Kazan (RUS),186,80,AZMOUN,Sardar
IR Iran,22,GK,ABEDZADEH Amir,26.04.1993,ABEDZADEH,CS Maritimo (POR),186,80,ABEDZADEH,Amir
IR Iran,6,MF,EZATOLAHI Saeid,01.10.1996,S. EZATOLAHI,FK Amkar Perm (RUS),190,82,EZATOLAHI,Saeid
IR Iran,8,DF,POURALIGANJI Morteza,19.04.1992,M. POURALIGANJI,Al Sadd SC (QAT),187,83,POURALIGANJI,Morteza
IR Iran,12,GK,MAZAHERI Rashid,18.05.1989,RASHID,Zob Ahan Isfahan FC (IRN),192,84,MAZAHERI,Rashid
IR Iran,1,GK,BEIRANVAND Ali,21.09.1992,A. BEIRANVAND,Persepolis FC (IRN),194,85,BEIRANVAND,Ali
Japan,14,MF,INUI Takashi,02.06.1988,INUI,SD Eibar (ESP),169,59,INUI,Takashi
Japan,7,MF,SHIBASAKI Gaku,28.05.1992,SHIBASAKI,Getafe CF (ESP),175,64,SHIBASAKI,Gaku
Japan,18,MF,OSHIMA Ryota,23.01.1993,OHSHIMA,Kawasaki Frontale (JPN),168,64,OSHIMA,Ryota
Japan,5,DF,NAGATOMO Yuto,12.09.1986,NAGATOMO,Galatasaray SK (TUR),170,68,NAGATOMO,Yuto
Japan,8,MF,HARAGUCHI Genki,09.05.1991,HARAGUCHI,Fortuna Düsseldorf (GER),178,68,HARAGUCHI,Genki
Japan,10,MF,KAGAWA Shinji,17.03.1989,KAGAWA,Borussia Dortmund (GER),175,68,KAGAWA,Shinji
Japan,9,FW,OKAZAKI Shinji,16.04.1986,OKAZAKI,Leicester City FC (ENG),174,70,OKAZAKI,Shinji
Japan,19,DF,SAKAI Hiroki,12.04.1990,H. SAKAI,Olympique Marseille (FRA),183,70,SAKAI,Hiroki
Japan,15,FW,OSAKO Yuya,18.05.1990,OSAKO,1. FC Köln (GER),182,71,OSAKO,Yuya
Japan,11,MF,USAMI Takashi,06.05.1992,USAMI,Fortuna Düsseldorf (GER),178,72,USAMI,Takashi
Japan,13,FW,MUTO Yoshinori,15.07.1992,MUTO,FSV Mainz 05 (GER),179,72,MUTO,Yoshinori
Japan,16,MF,YAMAGUCHI Hotaru,06.10.1990,YAMAGUCHI,Cerezo Osaka (JPN),173,72,YAMAGUCHI,Hotaru
Japan,17,MF,HASEBE Makoto,18.01.1984,HASEBE,Eintracht Frankfurt (GER),180,72,HASEBE,Makoto
Japan,23,GK,NAKAMURA Kosuke,27.02.1995,NAKAMURA,Kashiwa Reysol (JPN),184,72,NAKAMURA,Kosuke
Japan,1,GK,KAWASHIMA Eiji,20.03.1983,KAWASHIMA,FC Metz (FRA),185,74,KAWASHIMA,Eiji
Japan,3,DF,SHOJI Gen,11.12.1992,SHOJI,Kashima Antlers (JPN),182,74,SHOJI,Gen
Japan,4,MF,HONDA Keisuke,13.06.1986,HONDA,CF Pachuca (MEX),182,74,HONDA,Keisuke
Japan,21,DF,SAKAI Gotoku,14.03.1991,G. SAKAI,Hamburger SV (GER),176,74,SAKAI,Gotoku
Japan,6,DF,ENDO Wataru,09.02.1993,ENDO,Urawa Reds (JPN),178,75,ENDO,Wataru
Japan,20,DF,MAKINO Tomoaki,11.05.1987,MAKINO,Urawa Reds (JPN),182,77,MAKINO,Tomoaki
Japan,12,GK,HIGASHIGUCHI Masaaki,12.05.1986,HIGASHIGUCHI,Gamba Osaka (JPN),184,78,HIGASHIGUCHI,Masaaki
Japan,22,DF,YOSHIDA Maya,24.08.1988,YOSHIDA,Southampton FC (ENG),189,78,YOSHIDA,Maya
Japan,2,DF,UEDA Naomichi,24.10.1994,UEDA,Kashima Antlers (JPN),186,79,UEDA,Naomichi
Korea Republic,10,MF,LEE Seungwoo,06.01.1998,S W LEE,Hellas Verona FC (ITA),170,63,LEE,Seungwoo
Korea Republic,22,DF,GO Yohan,10.03.1988,Y H GO,FC Seoul (KOR),170,65,GO,Yohan
Korea Republic,14,DF,HONG Chul,17.09.1990,C HONG,Sangju Sangmu FC (KOR),176,67,HONG,Chul
Korea Republic,18,MF,MOON Seonmin,09.06.1992,S M MOON,Incheon United FC (KOR),172,68,MOON,Seonmin
Korea Republic,12,DF,KIM Minwoo,25.02.1990,M W KIM,Sangju Sangmu FC (KOR),172,69,KIM,Minwoo
Korea Republic,8,MF,JU Sejong,30.10.1990,S J JU,Asan Mugunghwa FC (KOR),176,70,JU,Sejong
Korea Republic,17,MF,LEE Jaesung,10.08.1992,J S LEE,Jeonbuk Hyundai (KOR),180,70,LEE,Jaesung
Korea Republic,6,DF,PARK Jooho,16.01.1987,J H PARK,Ulsan Hyundai FC (KOR),174,71,PARK,Jooho
Korea Republic,13,MF,KOO Jacheol,27.02.1989,J C KOO,FC Augsburg (GER),182,73,KOO,Jacheol
Korea Republic,2,DF,LEE Yong,24.12.1986,Y LEE,Jeonbuk Hyundai (KOR),180,74,LEE,Yong
Korea Republic,3,DF,JUNG Seunghyun,03.04.1994,S H JUNG,Sagan Tosu FC (JPN),188,74,JUNG,Seunghyun
Korea Republic,19,DF,KIM Younggwon,27.02.1990,Y G KIM,Guangzhou Evergrande FC (CHN),184,74,KIM,Younggwon
Korea Republic,16,MF,KI Sungyueng,24.01.1989,S Y KI,Swansea City AFC (WAL),186,75,KI,Sungyueng
Korea Republic,23,GK,JO Hyeonwoo,25.09.1991,H W JO,Daegu FC (KOR),189,75,JO,Hyeonwoo
Korea Republic,7,FW,SON Heungmin,08.07.1992,H M SON,Tottenham Hotspur FC (ENG),183,76,SON,Heungmin
Korea Republic,11,FW,HWANG Heechan,26.01.1996,H C HWANG,FC Red Bull Salzburg (AUT),177,77,HWANG,Heechan
Korea Republic,20,DF,JANG Hyunsoo,28.09.1991,H S JANG,FC Tokyo (JPN),187,77,JANG,Hyunsoo
Korea Republic,5,DF,YUN Youngsun,04.10.1988,Y S YUN,Seongnam FC (KOR),185,78,YUN,Youngsun
Korea Republic,15,MF,JUNG Wooyoung,14.12.1989,W Y JUNG,Vissel Kobe (JPN),186,78,JUNG,Wooyoung
Korea Republic,4,DF,OH Bansuk,20.05.1988,B S OH,Jeju United (KOR),189,79,OH,Bansuk
Korea Republic,1,GK,KIM Seunggyu,30.09.1990,S G KIM,Vissel Kobe (JPN),187,80,KIM,Seunggyu
Korea Republic,21,GK,KIM Jinhyeon,06.07.1987,J H KIM,Cerezo Osaka (JPN),193,82,KIM,Jinhyeon
Korea Republic,9,FW,KIM Shinwook,14.04.1988,S W KIM,Jeonbuk Hyundai (KOR),197,97,KIM,Shinwook
Mexico,20,MF,AQUINO Javier,11.02.1990,J. AQUINO,Tigres UANL (MEX),166,59,AQUINO,Javier
Mexico,18,MF,GUARDADO Andres,28.09.1986,A. GUARDADO,Real Betis (ESP),167,63,GUARDADO,Andres
Mexico,22,FW,LOZANO Hirving,30.07.1995,H. LOZANO,PSV Eindhoven (NED),176,66,LOZANO,Hirving
Mexico,6,MF,DOS SANTOS Jonathan,26.04.1990,J. DOS SANTOS,LA Galaxy (USA),173,69,DOS,SANTOS Jonathan
Mexico,17,MF,CORONA Jesus,06.01.1993,JESÚS C.,FC Porto (POR),174,69,CORONA,Jesus
Mexico,8,FW,FABIAN Marco,21.07.1989,M. FABIÁN,Eintracht Frankfurt (GER),171,70,FABIAN,Marco
Mexico,10,MF,DOS SANTOS Giovani,11.05.1989,G. DOS SANTOS,LA Galaxy (USA),178,70,DOS,SANTOS Giovani
Mexico,14,FW,HERNANDEZ Javier,01.06.1988,J. HERNÁNDEZ,West Ham United FC (ENG),175,71,HERNANDEZ,Javier
Mexico,7,MF,LAYUN Miguel,25.06.1988,M. LAYÚN,Sevilla FC (ESP),180,72,LAYUN,Miguel
Mexico,19,FW,PERALTA Oribe,12.01.1984,O. PERALTA,Club América (MEX),178,72,PERALTA,Oribe
Mexico,21,FW,ALVAREZ Edson,24.10.1997,E. ÁLVAREZ,Club América (MEX),186,72,ALVAREZ,Edson
Mexico,23,MF,GALLARDO Jesus,15.08.1994,J. GALLARDO,Pumas UNAM (MEX),177,74,GALLARDO,Jesus
Mexico,13,GK,OCHOA Guillermo,13.07.1985,G. OCHOA,Standard Liège (BEL),185,76,OCHOA,Guillermo
Mexico,4,DF,MARQUEZ Rafael,13.02.1979,R. MÁRQUEZ,CF Atlas (MEX),184,77,MARQUEZ,Rafael
Mexico,5,DF,REYES Diego,19.09.1992,D. REYES,FC Porto (POR),190,77,REYES,Diego
Mexico,11,FW,VELA Carlos,01.03.1989,CARLOS V,Los Angeles FC (USA),178,78,VELA,Carlos
Mexico,9,FW,JIMENEZ Raul,05.05.1991,RAÚL,SL Benfica (POR),188,79,JIMENEZ,Raul
Mexico,16,DF,HERRERA Hector,19.04.1990,H. HERRERA,FC Porto (POR),180,79,HERRERA,Hector
Mexico,1,GK,CORONA Jose,26.01.1981,J. CORONA,Cruz Azul (MEX),182,80,CORONA,Jose
Mexico,2,DF,AYALA Hugo,31.03.1987,H. AYALA,Tigres UANL (MEX),188,82,AYALA,Hugo
Mexico,15,DF,MORENO Hector,17.01.1988,H. MORENO,Real Sociedad (ESP),182,82,MORENO,Hector
Mexico,3,DF,SALCEDO Carlos,29.09.1993,C. SALCEDO,Eintracht Frankfurt (GER),189,83,SALCEDO,Carlos
Mexico,12,GK,TALAVERA Alfredo,18.09.1982,A. TALAVERA,Deportivo Toluca FC (MEX),188,84,TALAVERA,Alfredo
Morocco,14,MF,BOUSSOUFA Mbark,15.08.1984,BOUSSOUFA,Al Jazira (UAE),167,59,BOUSSOUFA,Mbark
Morocco,2,DF,HAKIMI Achraf,04.11.1998,HAKIMI,Real Madrid CF (ESP),179,65,HAKIMI,Achraf
Morocco,18,MF,HARIT Amine,18.06.1997,HARIT,FC Schalke 04 (GER),179,66,HARIT,Amine
Morocco,23,MF,CARCELA Mehdi,01.07.1989,CARCELA,Standard Liège (BEL),176,67,CARCELA,Mehdi
Morocco,3,DF,MENDYL Hamza,21.10.1997,MENDYL,Lille OSC (FRA),179,70,MENDYL,Hamza
Morocco,7,MF,ZIYACH Hakim,19.03.1993,ZIYACH,AFC Ajax (NED),180,70,ZIYACH,Hakim
Morocco,22,GK,TAGNAOUTI Ahmed,05.04.1996,TAGNAOUTI,IRT Tanger (MAR),186,70,TAGNAOUTI,Ahmed
Morocco,9,FW,EL KAABI Ayoub,25.06.1993,EL KAABI,RS Berkane (MAR),182,72,EL,KAABI Ayoub
Morocco,11,MF,FAJR Faycal,01.08.1988,FAJR,Getafe CF (ESP),178,72,FAJR,Faycal
Morocco,10,MF,BELHANDA Younes,25.02.1990,BELHANDA,Galatasaray SK (TUR),174,75,BELHANDA,Younes
Morocco,15,MF,AIT BENNASSER Youssef,07.07.1996,AIT BENNASSER,SM Caen (FRA),184,75,AIT,BENNASSER Youssef
Morocco,19,FW,EN NESYRI Youssef,01.06.1997,EN-NESYRI,Malaga CF (ESP),188,75,EN,NESYRI Youssef
Morocco,6,DF,SAISS Romain,26.03.1990,SAISS,Wolverhampton Wanderers FC (ENG),190,76,SAISS,Romain
Morocco,1,GK,BOUNOU Yassine,05.04.1991,BOUNOU,Girona FC (ESP),190,77,BOUNOU,Yassine
Morocco,16,MF,AMRABAT Noureddine,31.03.1987,N. AMRABAT,CD Leganés (ESP),178,77,AMRABAT,Noureddine
Morocco,21,MF,AMRABAT Sofyan,21.08.1996,S. AMRABAT,Feyenoord Rotterdam (NED),183,77,AMRABAT,Sofyan
Morocco,4,DF,DA COSTA Manuel,06.05.1986,DA COSTA,Istanbul Başakşehir FK (TUR),187,78,DA,COSTA Manuel
Morocco,8,MF,EL AHMADI Karim,27.01.1985,EL AHMADI,Feyenoord Rotterdam (NED),179,78,EL,AHMADI Karim
Morocco,13,FW,BOUTAIB Khalid,24.04.1987,BOUTAIB,Yeni Malatyaspor (TUR),190,80,BOUTAIB,Khalid
Morocco,20,FW,BOUHADDOUZ Aziz,30.03.1987,BOUHADDOUZ,FC St. Pauli (GER),188,80,BOUHADDOUZ,Aziz
Morocco,17,DF,DIRAR Nabil,25.02.1986,DIRAR,Fenerbahce SK (TUR),187,82,DIRAR,Nabil
Morocco,5,DF,BENATIA Mehdi,17.04.1987,BENATIA,Juventus FC (ITA),188,88,BENATIA,Mehdi
Morocco,12,GK,EL KAJOUI Monir,10.05.1989,EL KAJOUI,CD Numancia (ESP),190,88,EL,KAJOUI Monir
Nigeria,7,FW,MUSA Ahmed,14.10.1992,MUSA,CSKA Moscow (RUS),173,65,MUSA,Ahmed
Nigeria,4,MF,NDIDI Onyinye,16.12.1996,NDIDI,Leicester City FC (ENG),184,73,NDIDI,Onyinye
Nigeria,8,MF,ETEBO Oghenekaro,09.11.1995,ETEBO,UD Las Palmas (ESP),174,74,ETEBO,Oghenekaro
Nigeria,17,MF,ONAZI Ogenyi,25.12.1992,ONAZI,Trabzonspor (TUR),172,74,ONAZI,Ogenyi
Nigeria,21,DF,EBUEHI Tyronne,16.12.1995,EBUEHI,ADO Den Haag (NED),187,74,EBUEHI,Tyronne
Nigeria,2,DF,IDOWU Bryan,18.05.1992,IDOWU,FK Amkar Perm (RUS),179,75,IDOWU,Bryan
Nigeria,11,FW,MOSES Victor,12.12.1990,MOSES,Chelsea FC (ENG),177,75,MOSES,Victor
Nigeria,12,DF,SHEHU Abdullahi,12.03.1993,SHEHU,Bursaspor (TUR),182,75,SHEHU,Abdullahi
Nigeria,20,DF,AWAZIEM Chidozie,01.01.1997,AWAZIEM,FC Nantes (FRA),192,76,AWAZIEM,Chidozie
Nigeria,15,MF,OBI Joel,22.05.1991,OBI,Torino FC (ITA),177,77,OBI,Joel
Nigeria,1,GK,EZENWA Ikechukwu,16.10.1988,EZENWA,Enyimba FC (NGA),181,80,EZENWA,Ikechukwu
Nigeria,14,FW,IHEANACHO Kelechi,10.03.1996,IHEANACHO,Leicester City FC (ENG),183,80,IHEANACHO,Kelechi
Nigeria,3,DF,ECHIEJILE Elderson,20.01.1988,ECHIEJILE,Cercle Brugge (BEL),185,82,ECHIEJILE,Elderson
Nigeria,10,MF,MIKEL John Obi,22.04.1987,MIKEL,Tianjin Teda (CHN),188,82,MIKEL,John Obi
Nigeria,22,DF,OMERUO Kenneth,17.10.1993,OMERUO,Kasimpasa SK (TUR),185,82,OMERUO,Kenneth
Nigeria,9,FW,IGHALO Odion,16.06.1989,IGHALO,Changchun Yatai (CHN),188,83,IGHALO,Odion
Nigeria,5,DF,EKONG William,01.09.1993,EKONG,Bursaspor (TUR),191,85,EKONG,William
Nigeria,18,FW,IWOBI Alex,03.05.1996,IWOBI,Arsenal FC (ENG),185,86,IWOBI,Alex
Nigeria,6,DF,BALOGUN Leon,28.06.1988,BALOGUN,FSV Mainz 05 (GER),190,89,BALOGUN,Leon
Nigeria,13,FW,NWANKWO Simeon,07.05.1992,NWANKWO,FC Crotone (ITA),197,89,NWANKWO,Simeon
Nigeria,19,MF,OGU John,20.04.1988,OGU,Hapoel Be'er Sheva FC (ISR),191,90,OGU,John
Nigeria,23,GK,UZOHO Francis,28.10.1998,UZOHO,Deportivo La Coruña (ESP),196,91,UZOHO,Francis
Nigeria,16,GK,AKPEYI Daniel,08.03.1986,AKPEYI,Chippa United FC (RSA),187,94,AKPEYI,Daniel
Panama,19,MF,QUINTERO Alberto,18.12.1987,QUINTERO,Universitario Lima (PER),165,62,QUINTERO,Alberto
Panama,1,GK,PENEDO Jaime,26.09.1981,PENEDO,Dinamo Bucharest (ROU),183,70,PENEDO,Jaime
Panama,8,MF,BARCENAS Edgar,23.10.1993,BARCENAS,Cafetaleros de Tapachula (MEX),175,72,BARCENAS,Edgar
Panama,10,FW,DIAZ Ismael,12.05.1997,DIAZ,Deportivo La Coruña (ESP),181,72,DIAZ,Ismael
Panama,11,MF,COOPER Armando,26.11.1987,COOPER,Club Universidad de Chile (CHI),173,72,COOPER,Armando
Panama,17,DF,OVALLE Luis,07.09.1988,OVALLE,CD Olimpia (HON),178,75,OVALLE,Luis
Panama,9,FW,TORRES Gabriel,31.10.1988,G. TORRES,CD Huachipato (CHI),180,77,TORRES,Gabriel
Panama,21,MF,RODRIGUEZ Jose Luis,19.06.1998,J. RODRIGUEZ,KAA Gent (BEL),180,77,RODRIGUEZ,Jose Luis
Panama,2,DF,MURILLO Michael,11.02.1996,MURILLO,New York Red Bulls (USA),183,78,MURILLO,Michael
Panama,13,DF,MACHADO Adolfo,14.02.1985,MACHADO,Houston Dynamo (USA),182,78,MACHADO,Adolfo
Panama,14,MF,PIMENTEL Valentin,30.05.1991,PIMENTEL,Plaza Amador (PAN),189,80,PIMENTEL,Valentin
Panama,15,DF,DAVIS Eric,31.03.1991,DAVIS,DAC Dunajska Streda (SVK),180,81,DAVIS,Eric
Panama,4,DF,ESCOBAR Fidel,09.01.1995,ESCOBAR,New York Red Bulls (USA),182,82,ESCOBAR,Fidel
Panama,6,MF,GOMEZ Gabriel,29.05.1984,GOMEZ,Atlético Bucaramanga (COL),183,82,GOMEZ,Gabriel
Panama,16,FW,ARROYO Abdiel,13.12.1993,ARROYO,LD Alajuelense (CRC),183,82,ARROYO,Abdiel
Panama,20,MF,GODOY Anibal,10.02.1990,GODOY,San Jose Earthquakes (USA),183,82,GODOY,Anibal
Panama,7,FW,PEREZ Blas,13.03.1981,PEREZ,CSD Municipal (GUA),187,83,PEREZ,Blas
Panama,22,GK,RODRIGUEZ Alex,05.08.1990,RODRIGUEZ,San Francisco FC (PAN),197,83,RODRIGUEZ,Alex
Panama,12,GK,CALDERON Jose,14.08.1985,CALDERON,Chorrillo FC (PAN),187,87,CALDERON,Jose
Panama,18,FW,TEJADA Luis,28.03.1982,TEJADA,Sport Boys (PER),183,87,TEJADA,Luis
Panama,23,DF,BALOY Felipe,24.02.1981,BALOY,CSD Municipal (GUA),185,87,BALOY,Felipe
Panama,3,DF,CUMMINGS Harold,01.03.1992,CUMMINGS,San Jose Earthquakes (USA),183,92,CUMMINGS,Harold
Panama,5,DF,TORRES Roman,20.03.1986,R. TORRES,Seattle Sounders FC (USA),188,99,TORRES,Roman
Peru,7,MF,HURTADO Paolo,27.07.1990,HURTADO,Vitoria Guimaraes (POR),174,66,HURTADO,Paolo
Peru,11,FW,RUIDIAZ Raul,25.07.1990,RUIDIAZ,CA Monarcas Morelia (MEX),169,67,RUIDIAZ,Raul
Peru,22,DF,LOYOLA Nilson,26.10.1994,LOYOLA,FBC Melgar (PER),179,68,LOYOLA,Nilson
Peru,8,MF,CUEVA Christian,23.11.1991,CUEVA,Sao Paulo FC (BRA),169,69,CUEVA,Christian
Peru,19,MF,YOTUN Yoshimar,07.04.1990,YOTUN,Orlando City SC (USA),172,69,YOTUN,Yoshimar
Peru,14,MF,POLO Andy,29.09.1994,POLO,Portland Timbers (USA),174,71,POLO,Andy
Peru,23,MF,AQUINO Pedro,13.04.1995,AQUINO,Lobos BUAP (MEX),174,71,AQUINO,Pedro
Peru,15,DF,RAMOS Christian,04.11.1988,RAMOS,CD Tiburones Rojos de Veracruz (MEX),182,72,RAMOS,Christian
Peru,20,FW,FLORES Edison,14.05.1994,FLORES,Aalborg BK (DEN),170,72,FLORES,Edison
Peru,6,DF,TRAUCO Miguel,25.08.1992,TRAUCO,CR Flamengo (BRA),169,74,TRAUCO,Miguel
Peru,3,DF,CORZO Aldo,20.05.1989,CORZO,Universitario Lima (PER),172,75,CORZO,Aldo
Peru,16,MF,CARTAGENA Wilder,23.09.1994,CARTAGENA,CD Tiburones Rojos de Veracruz (MEX),179,76,CARTAGENA,Wilder
Peru,5,DF,ARAUJO Miguel,24.10.1994,ARAUJO,Alianza Lima (PER),178,77,ARAUJO,Miguel
Peru,18,FW,CARRILLO Andre,14.06.1991,CARRILLO,Watford FC (ENG),182,77,CARRILLO,Andre
Peru,2,DF,RODRIGUEZ Alberto,31.03.1984,RODRIGUEZ,Atletico Junior (COL),179,78,RODRIGUEZ,Alberto
Peru,12,GK,CACEDA Carlos,27.09.1991,CACEDA,Deportivo Municipal (PER),184,78,CACEDA,Carlos
Peru,1,GK,GALLESE Pedro,23.02.1990,GALLESE,CD Tiburones Rojos de Veracruz (MEX),189,79,GALLESE,Pedro
Peru,17,DF,ADVINCULA Luis,02.03.1990,ADVINCULA,Lobos BUAP (MEX),178,80,ADVINCULA,Luis
Peru,4,DF,SANTAMARIA Anderson,10.01.1992,SANTAMARIA,Puebla FC (MEX),183,84,SANTAMARIA,Anderson
Peru,21,GK,CARVALLO Jose,01.03.1986,CARVALLO,Universidad Técnica de Cajamarca (PER),182,84,CARVALLO,Jose
Peru,10,FW,FARFAN Jefferson,26.10.1984,FARFAN,FC Lokomotiv Moscow (RUS),177,85,FARFAN,Jefferson
Peru,13,MF,TAPIA Renato,28.07.1995,TAPIA,Feyenoord Rotterdam (NED),185,85,TAPIA,Renato
Peru,9,FW,GUERRERO Paolo,01.01.1984,GUERRERO,CR Flamengo (BRA),185,88,GUERRERO,Paolo
Poland,19,MF,ZIELINSKI Piotr,20.05.1994,ZIELINSKI,SSC Napoli (ITA),177,64,ZIELINSKI,Piotr
Poland,6,MF,GORALSKI Jacek,21.09.1992,GORALSKI,PFC Ludogorets Razgrad (BUL),172,66,GORALSKI,Jacek
Poland,17,MF,PESZKO Slawomir,19.02.1985,PESZKO,Lechia Gdansk (POL),173,68,PESZKO,Slawomir
Poland,16,MF,BLASZCZYKOWSKI Jakub,14.12.1985,BLASZCZYKOWSKI,VfL Wolfsburg (GER),175,71,BLASZCZYKOWSKI,Jakub
Poland,18,DF,BERESZYNSKI Bartosz,12.07.1992,BERESZYNSKI,UC Sampdoria (ITA),182,72,BERESZYNSKI,Bartosz
Poland,8,MF,LINETTY Karol,02.02.1995,LINETTY,UC Sampdoria (ITA),176,73,LINETTY,Karol
Poland,21,MF,KURZAWA Rafal,29.01.1993,KURZAWA,Gornik Zabrze (POL),182,73,KURZAWA,Rafal
Poland,13,MF,RYBUS Maciej,19.08.1989,RYBUS,FC Lokomotiv Moscow (RUS),173,75,RYBUS,Maciej
Poland,23,FW,KOWNACKI Dawid,14.03.1997,KOWNACKI,UC Sampdoria (ITA),185,75,KOWNACKI,Dawid
Poland,5,DF,BEDNAREK Jan,12.04.1996,BEDNAREK,Southampton FC (ENG),189,77,BEDNAREK,Jan
Poland,2,DF,PAZDAN Michal,21.09.1987,PAZDAN,Legia Warsaw (POL),181,78,PAZDAN,Michal
Poland,3,DF,JEDRZEJCZYK Artur,04.11.1987,JEDRZEJCZYK,Legia Warsaw (POL),189,78,JEDRZEJCZYK,Artur
Poland,11,MF,GROSICKI Kamil,08.06.1988,GROSICKI,Hull City FC (ENG),180,78,GROSICKI,Kamil
Poland,14,FW,TEODORCZYK Lukasz,03.06.1991,TEODORCZYK,RSC Anderlecht (BEL),185,78,TEODORCZYK,Lukasz
Poland,9,FW,LEWANDOWSKI Robert,21.08.1988,LEWANDOWSKI,FC Bayern München (GER),185,79,LEWANDOWSKI,Robert
Poland,20,DF,PISZCZEK Lukasz,03.06.1985,PISZCZEK,Borussia Dortmund (GER),184,79,PISZCZEK,Lukasz
Poland,15,DF,GLIK Kamil,03.02.1988,GLIK,AS Monaco (FRA),190,80,GLIK,Kamil
Poland,4,DF,CIONEK Thiago,21.04.1986,CIONEK,SPAL Ferrara (ITA),184,81,CIONEK,Thiago
Poland,7,FW,MILIK Arkadiusz,28.02.1994,MILIK,SSC Napoli (ITA),186,81,MILIK,Arkadiusz
Poland,10,MF,KRYCHOWIAK Grzegorz,29.01.1990,KRYCHOWIAK,West Bromwich Albion FC (ENG),186,83,KRYCHOWIAK,Grzegorz
Poland,12,GK,BIALKOWSKI Bartosz,06.07.1987,BIALKOWSKI,Ipswich Town FC (ENG),194,83,BIALKOWSKI,Bartosz
Poland,22,GK,FABIANSKI Lukasz,18.04.1985,FABIANSKI,Swansea City AFC (WAL),190,83,FABIANSKI,Lukasz
Poland,1,GK,SZCZESNY Wojciech,18.04.1990,SZCZESNY,Juventus FC (ITA),195,84,SZCZESNY,Wojciech
Portugal,8,MF,JOAO MOUTINHO,08.09.1986,J. MOUTINHO,AS Monaco (FRA),170,61,JOAO,MOUTINHO
Portugal,18,FW,GELSON MARTINS,11.05.1995,GELSON,Sporting CP (POR),173,63,GELSON,MARTINS
Portugal,5,DF,RAPHAEL GUERREIRO,22.12.1993,RAPHAEL,Borussia Dortmund (GER),170,64,RAPHAEL,GUERREIRO
Portugal,16,MF,BRUNO FERNANDES,08.09.1994,B. FERNANDES,Sporting CP (POR),183,64,BRUNO,FERNANDES
Portugal,11,MF,BERNARDO SILVA,10.08.1994,BERNARDO,Manchester City FC (ENG),173,65,BERNARDO,SILVA
Portugal,19,DF,MARIO RUI,27.05.1991,MÁRIO RUI,SSC Napoli (ITA),168,67,MARIO,RUI
Portugal,21,DF,CEDRIC,31.08.1991,CÉDRIC,Southampton FC (ENG),172,67,CEDRIC,
Portugal,4,MF,MANUEL FERNANDES,05.02.1986,M. FERNANDES,FC Lokomotiv Moscow (RUS),174,69,MANUEL,FERNANDES
Portugal,15,DF,RICARDO,06.10.1993,RICARDO,FC Porto (POR),174,70,RICARDO,
Portugal,17,FW,GONCALO GUEDES,29.11.1996,G. GUEDES,Valencia CF (ESP),179,72,GONCALO,GUEDES
Portugal,23,MF,ADRIEN SILVA,15.03.1989,ADRIEN,Leicester City FC (ENG),176,72,ADRIEN,SILVA
Portugal,10,MF,JOAO MARIO,19.01.1993,J. MÁRIO,West Ham United FC (ENG),179,73,JOAO,MARIO
Portugal,20,FW,RICARDO QUARESMA,26.09.1983,QUARESMA,Besiktas JK (TUR),175,73,RICARDO,QUARESMA
Portugal,9,FW,ANDRE SILVA,06.11.1995,ANDRÉ SILVA,AC Milan (ITA),184,78,ANDRE,SILVA
Portugal,22,GK,BETO,01.05.1982,BETO,Goztepe SK (TUR),183,79,BETO,
Portugal,7,FW,CRISTIANO RONALDO,05.02.1985,RONALDO,Real Madrid CF (ESP),185,80,CRISTIANO,RONALDO
Portugal,14,MF,WILLIAM,07.04.1992,WILLIAM,Sporting CP (POR),190,80,WILLIAM,
Portugal,3,DF,PEPE,26.02.1983,PEPE,Besiktas JK (TUR),188,81,PEPE,
Portugal,12,GK,ANTHONY LOPES,01.10.1990,LOPES,Olympique Lyon (FRA),184,81,ANTHONY,LOPES
Portugal,2,DF,BRUNO ALVES,27.11.1981,B. ALVES,Rangers FC (SCO),187,83,BRUNO,ALVES
Portugal,13,DF,RUBEN DIAS,14.05.1997,RUBEN DIAS,SL Benfica (POR),187,83,RUBEN,DIAS
Portugal,1,GK,RUI PATRICIO,15.02.1988,RUI PATRICIO,Sporting CP (POR),189,84,RUI,PATRICIO
Portugal,6,DF,JOSE FONTE,22.12.1983,FONTE,Dalian Yifang FC (CHN),191,84,JOSE,FONTE
Russia,16,MF,MIRANCHUK Anton,17.10.1995,MIRANCHUK AN.,FC Lokomotiv Moscow (RUS),182,67,MIRANCHUK,Anton
Russia,6,MF,CHERYSHEV Denis,26.12.1990,CHERYSHEV,Villarreal CF (ESP),173,68,CHERYSHEV,Denis
Russia,17,MF,GOLOVIN Aleksandr,30.05.1996,GOLOVIN,CSKA Moscow (RUS),178,70,GOLOVIN,Aleksandr
Russia,23,DF,SMOLNIKOV Igor,08.08.1988,SMOLNIKOV,FC Zenit St. Petersburg (RUS),179,72,SMOLNIKOV,Igor
Russia,9,MF,DZAGOEV Alan,17.06.1990,DZAGOEV,CSKA Moscow (RUS),178,73,DZAGOEV,Alan
Russia,7,MF,KUZIAEV Daler,15.01.1993,KUZIAEV,FC Zenit St. Petersburg (RUS),182,74,KUZIAEV,Daler
Russia,19,MF,SAMEDOV Alexander,19.07.1984,SAMEDOV,FC Spartak Moscow (RUS),178,74,SAMEDOV,Alexander
Russia,8,MF,GAZINSKY Iury,20.07.1989,GAZINSKII,FC Krasnodar (RUS),180,75,GAZINSKY,Iury
Russia,18,MF,ZHIRKOV Yury,20.08.1983,ZHIRKOV,FC Zenit St. Petersburg (RUS),180,76,ZHIRKOV,Yury
Russia,11,MF,ZOBNIN Roman,11.02.1994,ZOBNIN,FC Spartak Moscow (RUS),185,77,ZOBNIN,Roman
Russia,15,MF,MIRANCHUK Alexey,17.10.1995,MIRANCHUK AL.,FC Lokomotiv Moscow (RUS),185,77,MIRANCHUK,Alexey
Russia,13,DF,KUDRIASHOV Fedor,05.04.1987,KUDRIASHOV,FC Rubin Kazan (RUS),187,78,KUDRIASHOV,Fedor
Russia,2,DF,MARIO FERNANDES,19.09.1990,FERNANDES,CSKA Moscow (RUS),187,79,MARIO,FERNANDES
Russia,10,FW,SMOLOV Fedor,09.02.1990,SMOLOV,FC Krasnodar (RUS),185,79,SMOLOV,Fedor
Russia,21,MF,EROKHIN Aleksandr,13.10.1989,EROKHIN,FC Zenit St. Petersburg (RUS),191,79,EROKHIN,Aleksandr
Russia,12,GK,LUNEV Andrei,13.11.1991,LUNEV,FC Zenit St. Petersburg (RUS),189,80,LUNEV,Andrei
Russia,14,DF,GRANAT Vladimir,22.05.1987,GRANAT,FC Rubin Kazan (RUS),184,80,GRANAT,Vladimir
Russia,20,GK,GABULOV Vladimir,19.10.1983,GABULOV,Club Brugge KV (BEL),190,81,GABULOV,Vladimir
Russia,3,DF,KUTEPOV Ilya,29.07.1993,KUTEPOV,FC Spartak Moscow (RUS),190,82,KUTEPOV,Ilya
Russia,1,GK,AKINFEEV Igor,08.04.1986,AKINFEEV,CSKA Moscow (RUS),185,83,AKINFEEV,Igor
Russia,4,DF,IGNASHEVICH Sergey,14.07.1979,IGNASHEVICH,CSKA Moscow (RUS),186,84,IGNASHEVICH,Sergey
Russia,5,DF,SEMENOV Andrey,24.03.1989,SEMENOV,FC Akhmat Grozny (RUS),191,87,SEMENOV,Andrey
Russia,22,FW,DZYUBA Artem,22.08.1988,DZYUBA,FC Arsenal Tula (RUS),196,90,DZYUBA,Artem
Saudi Arabia,6,DF,MOHAMMED ALBURAYK,15.09.1992,ALBURAYK,Al Hilal SFC (KSA),173,61,MOHAMMED,ALBURAYK
Saudi Arabia,7,MF,SALMAN ALFARAJ,01.08.1989,SALMAN,Al Hilal SFC (KSA),179,63,SALMAN,ALFARAJ
Saudi Arabia,8,MF,YAHIA ALSHEHRI,26.06.1990,YAHIA,CD Leganés (ESP),165,63,YAHIA,ALSHEHRI
Saudi Arabia,13,DF,YASIR ALSHAHRANI,25.05.1992,YASIR,Al Hilal SFC (KSA),170,63,YASIR,ALSHAHRANI
Saudi Arabia,19,FW,FAHAD ALMUWALLAD,14.09.1994,FAHAD,Levante UD (ESP),168,65,FAHAD,ALMUWALLAD
Saudi Arabia,9,MF,HATAN BAHBIR,16.07.1992,HATAN,Al Shabab FC (KSA),170,66,HATAN,BAHBIR
Saudi Arabia,14,MF,ABDULLAH OTAYF,03.08.1992,OTAYF,Al Hilal SFC (KSA),177,66,ABDULLAH,OTAYF
Saudi Arabia,15,MF,ABDULLAH ALKHAIBARI,16.08.1996,ALKHAIBARI,Al Shabab FC (KSA),175,66,ABDULLAH,ALKHAIBARI
Saudi Arabia,2,DF,MANSOUR ALHARBI,19.10.1987,MANSOUR,Al Ahli SC (KSA),173,68,MANSOUR,ALHARBI
Saudi Arabia,18,MF,SALEM ALDAWSARI,19.08.1991,SALEM,Villarreal CF (ESP),174,68,SALEM,ALDAWSARI
Saudi Arabia,17,MF,TAISEER ALJASSAM,25.07.1984,TAISEER,Al Ahli SC (KSA),169,69,TAISEER,ALJASSAM
Saudi Arabia,11,MF,ABDULMALEK ALKHAIBRI,13.03.1986,ABDULMALEK,Al Hilal SFC (KSA),177,73,ABDULMALEK,ALKHAIBRI
Saudi Arabia,12,MF,MOHAMED KANNO,22.09.1994,KANNO,Al Hilal SFC (KSA),192,73,MOHAMED,KANNO
Saudi Arabia,10,FW,MOHAMMED ALSAHLAWI,10.01.1987,ALSAHLAWI,Al Nassr FC (KSA),179,75,MOHAMMED,ALSAHLAWI
Saudi Arabia,5,DF,OMAR OTHMAN,27.09.1985,OMAR,Al Nassr FC (KSA),185,76,OMAR,OTHMAN
Saudi Arabia,16,MF,HUSSAIN ALMOQAHWI,24.03.1988,HUSSAIN,Al Ahli SC (KSA),174,76,HUSSAIN,ALMOQAHWI
Saudi Arabia,20,FW,MUHANNAD ASIRI,14.10.1986,MUHANNAD,Al Ahli SC (KSA),185,79,MUHANNAD,ASIRI
Saudi Arabia,22,GK,MOHAMMED ALOWAIS,10.10.1991,ALOWAIS,Al Ahli SC (KSA),187,79,MOHAMMED,ALOWAIS
Saudi Arabia,23,DF,MOTAZ HAWSAWI,17.02.1992,MOTAZ,Al Ahli SC (KSA),180,79,MOTAZ,HAWSAWI
Saudi Arabia,3,DF,OSAMA HAWSAWI,31.03.1984,OSAMA,Al Hilal SFC (KSA),188,83,OSAMA,HAWSAWI
Saudi Arabia,4,DF,ALI ALBULAYHI,21.11.1989,ALI,Al Hilal SFC (KSA),182,83,ALI,ALBULAYHI
Saudi Arabia,21,GK,YASSER ALMOSAILEM,27.02.1984,ALMOSAILEM,Al Ahli SC (KSA),186,88,YASSER,ALMOSAILEM
Saudi Arabia,1,GK,ABDULLAH ALMUAIOUF,23.01.1987,ABDULLAH,Al Hilal SFC (KSA),178,98,ABDULLAH,ALMUAIOUF
Senegal,5,MF,GUEYE Idrissa Gana,26.09.1989,GANA,Everton FC (ENG),174,64,GUEYE,Idrissa Gana
Senegal,2,DF,CISS Saliou,15.06.1989,CISS,Valenciennes FC (FRA),173,69,CISS,Saliou
Senegal,10,FW,MANE Sadio,10.04.1992,MANE,Liverpool FC (ENG),175,69,MANE,Sadio
Senegal,18,FW,SARR Ismaila,25.02.1998,ISMAÏLA,Stade Rennais FC (FRA),175,70,SARR,Ismaila
Senegal,22,DF,WAGUE Moussa,04.10.1998,M. WAGUE,KAS Eupen (BEL),177,70,WAGUE,Moussa
Senegal,12,DF,SABALY Youssouf,05.03.1993,SABALY,FC Girondins Bordeaux (FRA),174,71,SABALY,Youssouf
Senegal,17,MF,NDIAYE Pape Alioune,27.10.1990,P.A. NDIAYE,Stoke City FC (ENG),181,74,NDIAYE,Pape Alioune
Senegal,19,FW,NIANG Mbaye,19.12.1994,NIANG,Torino FC (ITA),184,74,NIANG,Mbaye
Senegal,21,DF,GASSAMA Lamine,20.10.1989,GASSAMA,Adanaspor (TUR),181,74,GASSAMA,Lamine
Senegal,7,FW,SOW Moussa,19.01.1986,SOW,Bursaspor (TUR),180,75,SOW,Moussa
Senegal,8,MF,KOUYATE Cheikhou,21.12.1989,C. KOUYATE,West Ham United FC (ENG),189,75,KOUYATE,Cheikhou
Senegal,20,FW,BALDE Keita,08.03.1995,KEÏTA BALDE,AS Monaco (FRA),181,77,BALDE,Keita
Senegal,14,FW,KONATE Moussa,03.04.1993,KONATE,Amiens SC (FRA),180,78,KONATE,Moussa
Senegal,1,GK,DIALLO Abdoulaye,30.03.1992,DIALLO,Stade Rennais FC (FRA),189,79,DIALLO,Abdoulaye
Senegal,15,FW,SAKHO Diafra,24.12.1989,SAKHO,Stade Rennais FC (FRA),184,79,SAKHO,Diafra
Senegal,13,MF,NDIAYE Alfred,06.03.1990,A. NDIAYE,Wolverhampton Wanderers FC (ENG),186,80,NDIAYE,Alfred
Senegal,16,GK,NDIAYE Khadim,05.04.1985,KH. NDIAYE,Horoya AC (GUI),185,80,NDIAYE,Khadim
Senegal,23,GK,GOMIS Alfred,05.09.1993,GOMIS,SPAL Ferrara (ITA),196,80,GOMIS,Alfred
Senegal,9,FW,DIOUF Mame,16.12.1987,M. DIOUF,Stoke City FC (ENG),185,81,DIOUF,Mame
Senegal,6,MF,SANE Salif,25.08.1990,S. SANE,Hannover 96 (GER),196,84,SANE,Salif
Senegal,4,DF,MBODJI Kara,22.11.1989,KARA,RSC Anderlecht (BEL),192,85,MBODJI,Kara
Senegal,3,DF,KOULIBALY Kalidou,20.06.1991,KOULIBALY,SSC Napoli (ITA),195,89,KOULIBALY,Kalidou
Senegal,11,MF,NDOYE Cheikh,29.03.1986,CH. NDOYE,Birmingham City FC (ENG),192,90,NDOYE,Cheikh
Serbia,7,MF,ZIVKOVIC Andrija,11.07.1996,ŽIVKOVIĆ,SL Benfica (POR),169,68,ZIVKOVIC,Andrija
Serbia,14,DF,RODIC Milan,02.04.1991,RODIĆ,FK Crvena Zvezda (SRB),185,69,RODIC,Milan
Serbia,2,DF,RUKAVINA Antonio,26.01.1984,RUKAVINA,Villarreal CF (ESP),177,71,RUKAVINA,Antonio
Serbia,22,MF,LJAJIC Adem,29.09.1991,LJAJIĆ,Torino FC (ITA),182,74,LJAJIC,Adem
Serbia,19,FW,JOVIC Luka,23.12.1997,JOVIĆ,Eintracht Frankfurt (GER),181,75,JOVIC,Luka
Serbia,10,MF,TADIC Dusan,20.11.1988,TADIĆ,Southampton FC (ENG),181,76,TADIC,Dusan
Serbia,18,FW,RADONJIC Nemanja,15.02.1996,RADONJIĆ,FK Crvena Zvezda (SRB),185,76,RADONJIC,Nemanja
Serbia,20,MF,MILINKOVIC-SAVIC Sergej,27.02.1995,SERGEJ,SS Lazio (ITA),192,76,MILINKOVIC-SAVIC,Sergej
Serbia,13,DF,VELJKOVIC Milos,26.09.1995,VELJKOVIĆ,SV Werder Bremen (GER),188,77,VELJKOVIC,Milos
Serbia,3,DF,TOSIC Dusko,19.01.1985,TOŠIĆ,Besiktas JK (TUR),185,79,TOSIC,Dusko
Serbia,4,MF,MILIVOJEVIC Luka,07.04.1991,MILIVOJEVIĆ,Crystal Palace FC (ENG),186,80,MILIVOJEVIC,Luka
Serbia,5,DF,SPAJIC Uros,13.02.1993,SPAJIĆ,RSC Anderlecht (BEL),188,82,SPAJIC,Uros
Serbia,9,FW,MITROVIC Aleksandar,16.09.1994,MITROVIĆ,Fulham FC (ENG),189,82,MITROVIC,Aleksandar
Serbia,16,MF,GRUJIC Marko,13.04.1996,GRUJIĆ,Cardiff City FC (WAL),190,82,GRUJIC,Marko
Serbia,17,MF,KOSTIC Filip,01.11.1992,KOSTIĆ,Hamburger SV (GER),184,82,KOSTIC,Filip
Serbia,11,DF,KOLAROV Aleksandar,10.11.1985,KOLAROV,AS Roma (ITA),187,83,KOLAROV,Aleksandar
Serbia,12,GK,RAJKOVIC Predrag,31.10.1995,RAJKOVIĆ,Maccabi Tel-Aviv FC (ISR),191,85,RAJKOVIC,Predrag
Serbia,21,MF,MATIC Nemanja,01.08.1988,MATIĆ,Manchester United FC (ENG),194,86,MATIC,Nemanja
Serbia,8,FW,PRIJOVIC Aleksandar,21.04.1990,PRIJOVIĆ,PAOK FC (GRE),191,88,PRIJOVIC,Aleksandar
Serbia,6,DF,IVANOVIC Branislav,22.02.1984,IVANOVIĆ,FC Zenit St. Petersburg (RUS),185,89,IVANOVIC,Branislav
Serbia,15,DF,MILENKOVIC Nikola,12.10.1997,MILENKOVIĆ,ACF Fiorentina (ITA),195,90,MILENKOVIC,Nikola
Serbia,23,GK,DMITROVIC Marko,24.01.1992,DMITROVIĆ,SD Eibar (ESP),194,90,DMITROVIC,Marko
Serbia,1,GK,STOJKOVIC Vladimir,28.07.1983,STOJKOVIĆ,FK Partizan (SRB),195,92,STOJKOVIC,Vladimir
Spain,12,DF,ODRIOZOLA Alvaro,14.12.1995,ODRIOZOLA,Real Sociedad (ESP),178,67,ODRIOZOLA,Alvaro
Spain,17,FW,ASPAS Iago,01.08.1987,IAGO ASPAS,Celta Vigo (ESP),176,67,ASPAS,Iago
Spain,21,FW,SILVA David,08.01.1986,SILVA,Manchester City FC (ENG),170,67,SILVA,David
Spain,6,MF,INIESTA Andres,11.05.1984,A. INIESTA,FC Barcelona (ESP),171,68,INIESTA,Andres
Spain,18,DF,ALBA Jordi,21.03.1989,JORDI ALBA,FC Barcelona (ESP),170,68,ALBA,Jordi
Spain,10,MF,THIAGO,11.04.1991,THIAGO,FC Bayern München (GER),174,70,THIAGO,
Spain,11,FW,VAZQUEZ Lucas,01.07.1991,LUCAS V.,Real Madrid CF (ESP),173,70,VAZQUEZ,Lucas
Spain,1,GK,DE GEA David,07.11.1990,DE GEA,Manchester United FC (ENG),190,71,DE,GEA David
Spain,9,FW,RODRIGO,06.03.1991,RODRIGO M.,Valencia CF (ESP),182,72,RODRIGO,
Spain,16,DF,MONREAL Nacho,26.02.1986,MONREAL,Arsenal FC (ENG),179,72,MONREAL,Nacho
Spain,2,DF,CARVAJAL Dani,11.01.1992,CARVAJAL,Real Madrid CF (ESP),173,73,CARVAJAL,Dani
Spain,8,MF,KOKE,08.01.1992,KOKE,Atletico Madrid (ESP),176,73,KOKE,
Spain,22,MF,ISCO,21.04.1992,ISCO,Real Madrid CF (ESP),176,74,ISCO,
Spain,15,DF,RAMOS Sergio,30.03.1986,RAMOS,Real Madrid CF (ESP),183,75,RAMOS,Sergio
Spain,7,MF,SAUL,21.11.1994,SAÚL,Atletico Madrid (ESP),183,76,SAUL,
Spain,20,MF,ASENSIO Marco,21.01.1996,ASENSIO,Real Madrid CF (ESP),182,76,ASENSIO,Marco
Spain,4,DF,NACHO,18.01.1990,NACHO,Real Madrid CF (ESP),179,77,NACHO,
Spain,5,MF,BUSQUETS Sergio,16.07.1988,SERGIO,FC Barcelona (ESP),189,78,BUSQUETS,Sergio
Spain,14,DF,AZPILICUETA Cesar,28.08.1989,AZPILICUETA,Chelsea FC (ENG),178,78,AZPILICUETA,Cesar
Spain,13,GK,ARRIZABALAGA Kepa,03.10.1994,ARRIZABALAGA,Athletic Bilbao (ESP),189,84,ARRIZABALAGA,Kepa
Spain,3,DF,PIQUE Gerard,02.02.1987,PIQUÉ,FC Barcelona (ESP),194,85,PIQUE,Gerard
Spain,19,FW,COSTA Diego,07.10.1988,DIEGO COSTA,Atletico Madrid (ESP),185,86,COSTA,Diego
Spain,23,GK,REINA Pepe,31.08.1982,REINA,SSC Napoli (ITA),188,92,REINA,Pepe
Sweden,21,MF,DURMAZ Jimmy,22.03.1989,DURMAZ,Toulouse FC (FRA),180,69,DURMAZ,Jimmy
Sweden,7,MF,LARSSON Sebastian,06.06.1985,LARSSON,Hull City FC (ENG),178,70,LARSSON,Sebastian
Sweden,16,DF,KRAFTH Emil,02.08.1994,KRAFTH,Bologna FC (ITA),181,72,KRAFTH,Emil
Sweden,15,MF,HILJEMARK Oscar,28.06.1992,HILJEMARK,Genoa CFC (ITA),184,73,HILJEMARK,Oscar
Sweden,8,MF,EKDAL Albin,28.07.1989,EKDAL,Hamburger SV (GER),186,75,EKDAL,Albin
Sweden,6,DF,AUGUSTINSSON Ludwig,21.04.1994,AUGUSTINSSON,SV Werder Bremen (GER),181,76,AUGUSTINSSON,Ludwig
Sweden,9,FW,BERG Marcus,17.08.1986,BERG,Al Ain FC (UAE),183,76,BERG,Marcus
Sweden,19,MF,ROHDEN Marcus,11.05.1991,ROHDÉN,FC Crotone (ITA),182,76,ROHDEN,Marcus
Sweden,2,DF,LUSTIG Mikael,13.12.1986,LUSTIG,Celtic FC (SCO),189,77,LUSTIG,Mikael
Sweden,13,MF,SVENSSON Gustav,07.02.1987,SVENSSON,Seattle Sounders FC (USA),183,77,SVENSSON,Gustav
Sweden,10,MF,FORSBERG Emil,23.10.1991,FORSBERG,RB Leipzig (GER),179,78,FORSBERG,Emil
Sweden,20,FW,TOIVONEN Ola,03.07.1986,TOIVONEN,Toulouse FC (FRA),192,78,TOIVONEN,Ola
Sweden,11,FW,GUIDETTI John,15.04.1992,GUIDETTI,Deportivo Alavés (ESP),185,79,GUIDETTI,John
Sweden,17,MF,CLAESSON Viktor,02.01.1992,CLAESSON,FC Krasnodar (RUS),183,79,CLAESSON,Viktor
Sweden,3,DF,LINDELOF Victor,17.07.1994,LINDELÖF,Manchester United FC (ENG),187,81,LINDELOF,Victor
Sweden,5,DF,OLSSON Martin,17.05.1988,OLSSON,Swansea City AFC (WAL),177,81,OLSSON,Martin
Sweden,12,GK,JOHNSSON Karl-Johan,28.01.1990,JOHNSSON,EA Guingamp (FRA),187,83,JOHNSSON,Karl-Johan
Sweden,14,DF,HELANDER Filip,22.04.1993,HELANDER,Bologna FC (ITA),192,83,HELANDER,Filip
Sweden,22,FW,THELIN Isaac Kiese,24.06.1992,KIESE THELIN,KV Waasland-Beveren (BEL),189,83,THELIN,Isaac Kiese
Sweden,4,DF,GRANQVIST Andreas,16.04.1985,GRANQVIST,FC Krasnodar (RUS),192,84,GRANQVIST,Andreas
Sweden,23,GK,NORDFELDT Kristoffer,23.06.1989,NORDFELDT,Swansea City AFC (WAL),190,85,NORDFELDT,Kristoffer
Sweden,1,GK,OLSEN Robin,08.01.1990,OLSEN,FC Kobenhavn (DEN),198,89,OLSEN,Robin
Sweden,18,DF,JANSSON Pontus,13.02.1991,JANSSON,Leeds United FC (ENG),194,89,JANSSON,Pontus
Switzerland,16,MF,FERNANDES Gelson,02.09.1986,G. FERNANDES,Eintracht Frankfurt (GER),180,72,FERNANDES,Gelson
Switzerland,8,MF,FREULER Remo,15.04.1992,FREULER,Atalanta Bergamo (ITA),181,75,FREULER,Remo
Switzerland,18,FW,GAVRANOVIC Mario,24.11.1989,GAVRANOVIC,GNK Dinamo Zagreb (CRO),175,75,GAVRANOVIC,Mario
Switzerland,3,DF,MOUBANDJE Francois,21.06.1990,MOUBANDJE,Toulouse FC (FRA),180,76,MOUBANDJE,Francois
Switzerland,2,DF,LICHTSTEINER Stephan,16.01.1984,LICHTSTEINER,Juventus FC (ITA),181,77,LICHTSTEINER,Stephan
Switzerland,4,DF,ELVEDI Nico,30.09.1996,ELVEDI,VfL Borussia Mönchengladbach (GER),187,77,ELVEDI,Nico
Switzerland,15,MF,DZEMAILI Blerim,12.04.1986,DZEMAILI,Bologna FC (ITA),180,77,DZEMAILI,Blerim
Switzerland,17,MF,ZAKARIA Denis,20.11.1996,ZAKARIA,VfL Borussia Mönchengladbach (GER),189,77,ZAKARIA,Denis
Switzerland,6,DF,LANG Michael,08.02.1991,LANG,FC Basel (SUI),185,78,LANG,Michael
Switzerland,11,MF,BEHRAMI Valon,19.04.1985,BEHRAMI,Udinese Calcio (ITA),184,78,BEHRAMI,Valon
Switzerland,19,FW,DRMIC Josip,08.08.1992,DRMIC,VfL Borussia Mönchengladbach (GER),184,78,DRMIC,Josip
Switzerland,23,MF,SHAQIRI Xherdan,10.10.1991,SHAQIRI,Stoke City FC (ENG),165,78,SHAQIRI,Xherdan
Switzerland,13,DF,RODRIGUEZ Ricardo,25.08.1992,RODRIGUEZ,AC Milan (ITA),180,79,RODRIGUEZ,Ricardo
Switzerland,14,MF,ZUBER Steven,17.08.1991,ZUBER,TSG 1899 Hoffenheim (GER),182,79,ZUBER,Steven
Switzerland,1,GK,SOMMER Yann,17.12.1988,SOMMER,VfL Borussia Mönchengladbach (GER),183,81,SOMMER,Yann
Switzerland,10,MF,XHAKA Granit,27.09.1992,XHAKA,Arsenal FC (ENG),183,82,XHAKA,Granit
Switzerland,21,GK,BUERKI Roman,14.11.1990,BÜRKI,Borussia Dortmund (GER),188,83,BUERKI,Roman
Switzerland,22,DF,SCHAER Fabian,20.12.1991,SCHÄR,Deportivo La Coruña (ESP),186,83,SCHAER,Fabian
Switzerland,12,GK,MVOGO Yvon,06.06.1994,MVOGO,RB Leipzig (GER),186,84,MVOGO,Yvon
Switzerland,5,DF,AKANJI Manuel,19.07.1995,AKANJI,Borussia Dortmund (GER),186,85,AKANJI,Manuel
Switzerland,7,FW,EMBOLO Breel,14.02.1997,EMBOLO,FC Schalke 04 (GER),184,86,EMBOLO,Breel
Switzerland,9,FW,SEFEROVIC Haris,22.02.1992,SEFEROVIC,SL Benfica (POR),186,88,SEFEROVIC,Haris
Switzerland,20,DF,DJOUROU Johan,18.01.1987,DJOUROU,Antalyaspor AS (TUR),192,90,DJOUROU,Johan
Tunisia,23,FW,SLITI Naim,27.07.1992,SLITI,Dijon FCO (FRA),173,65,SLITI,Naim
Tunisia,17,MF,SKHIRI Ellyes,10.05.1995,SKHIRI JORIS,Montpellier HSC (FRA),185,69,SKHIRI,Ellyes
Tunisia,4,DF,MERIAH Yassine,02.07.1993,MERIAH,CS Sfaxien (TUN),183,70,MERIAH,Yassine
Tunisia,9,MF,BADRI Anice,18.09.1990,BADRI,ES Tunis (TUN),178,70,BADRI,Anice
Tunisia,20,FW,CHAALELI Ghaylen,28.02.1994,CHAALELI,ES Tunis (TUN),179,70,CHAALELI,Ghaylen
Tunisia,22,GK,HASSEN Mouez,05.03.1995,HASSEN,LB Chateauroux (FRA),186,70,HASSEN,Mouez
Tunisia,18,FW,SRARFI Bassem,25.06.1997,SRARFI,OGC Nice (FRA),176,71,SRARFI,Bassem
Tunisia,12,DF,MAALOUL Ali,01.01.1990,MAALOUL,Al Ahly SC (EGY),170,72,MAALOUL,Ali
Tunisia,19,FW,KHALIFA Saber,14.10.1986,KHALIFA,Club Africain (TUN),185,72,KHALIFA,Saber
Tunisia,3,DF,BEN ALOUANE Yohan,28.03.1987,BEN ALOUANE,Leicester City FC (ENG),185,75,BEN,ALOUANE Yohan
Tunisia,11,DF,BRONN Dylan,19.06.1995,BRONN,KAA Gent (BEL),186,75,BRONN,Dylan
Tunisia,14,MF,BEN AMOR Mohamed,03.05.1992,BEN AMOR,Al Ahli SC (KSA),180,75,BEN,AMOR Mohamed
Tunisia,15,FW,KHALIL Ahmed,21.12.1994,KHALIL,Club Africain (TUN),187,75,KHALIL,Ahmed
Tunisia,21,DF,NAGUEZ Hamdi,28.10.1992,NAGUEZ,Zamalek (EGY),186,75,NAGUEZ,Hamdi
Tunisia,5,DF,HADDADI Oussama,28.01.1992,HADDADI,Dijon FCO (FRA),185,76,HADDADI,Oussama
Tunisia,7,FW,KHAOUI Saifeddine,27.04.1995,KHAOUI,ES Troyes (FRA),180,76,KHAOUI,Saifeddine
Tunisia,10,FW,KHAZRI Wahbi,08.02.1991,KHAZRI,Stade Rennais FC (FRA),182,76,KHAZRI,Wahbi
Tunisia,6,DF,BEDOUI Rami,19.01.1990,BEDOUI,Étoile du Sahel (TUN),187,77,BEDOUI,Rami
Tunisia,8,FW,BEN YOUSSEF Fakhreddine,23.06.1991,BEN YOUSSEF .F,Al Ittifaq FC (KSA),189,80,BEN,YOUSSEF Fakhreddine
Tunisia,13,MF,SASSI Ferjani,18.03.1992,SASSI,Al Nassr FC (KSA),186,80,SASSI,Ferjani
Tunisia,16,GK,MATHLOUTHI Aymen,14.09.1984,MATHLOUTHI .A,Al Batin FC (KSA),182,84,MATHLOUTHI,Aymen
Tunisia,1,GK,BEN MUSTAPHA Farouk,01.07.1989,BEN MUSTAPHA,Al Shabab FC (KSA),192,85,BEN,MUSTAPHA Farouk
Tunisia,2,DF,BEN YOUSSEF Syam,31.03.1989,BEN YOUSSEF .S,Kasimpasa SK (TUR),189,87,BEN,YOUSSEF Syam
Uruguay,8,MF,NANDEZ Nahitan,28.12.1995,NANDEZ,CA Boca Juniors (ARG),171,61,NANDEZ,Nahitan
Uruguay,14,MF,TORREIRA Lucas,11.02.1996,TORREIRA,UC Sampdoria (ITA),168,61,TORREIRA,Lucas
Uruguay,10,FW,DE ARRASCAETA Giorgian,01.06.1994,DE ARRASCAETA,Cruzeiro EC (BRA),172,64,DE,ARRASCAETA Giorgian
Uruguay,17,MF,LAXALT Diego,07.02.1993,LAXALT,Genoa CFC (ITA),178,66,LAXALT,Diego
Uruguay,20,FW,URRETAVISCAYA Jonathan,19.03.1990,URRETAVISCAYA,CF Monterrey (MEX),172,66,URRETAVISCAYA,Jonathan
Uruguay,4,DF,VARELA Guillermo,24.03.1993,VARELA,CA Penarol (URU),173,70,VARELA,Guillermo
Uruguay,3,DF,GODIN Diego,16.02.1986,GODIN,Atletico Madrid (ESP),185,73,GODIN,Diego
Uruguay,6,MF,BENTANCUR Rodrigo,25.06.1997,BENTANCUR,Juventus FC (ITA),187,73,BENTANCUR,Rodrigo
Uruguay,16,DF,PEREIRA Maximiliano,08.06.1984,M. PEREIRA,FC Porto (POR),173,73,PEREIRA,Maximiliano
Uruguay,1,GK,MUSLERA Fernando,16.06.1986,MUSLERA,Galatasaray SK (TUR),190,74,MUSLERA,Fernando
Uruguay,5,MF,SANCHEZ Carlos,02.12.1984,SANCHEZ,CF Monterrey (MEX),171,74,SANCHEZ,Carlos
Uruguay,13,DF,SILVA Gaston,05.03.1994,G. SILVA,CA Independiente (ARG),185,74,SILVA,Gaston
Uruguay,22,DF,CACERES Martin,07.04.1987,CACERES,SS Lazio (ITA),178,75,CACERES,Martin
Uruguay,2,DF,GIMENEZ Jose,20.01.1995,J.M. GIMENEZ,Atletico Madrid (ESP),185,77,GIMENEZ,Jose
Uruguay,11,FW,STUANI Cristhian,12.10.1986,STUANI,Girona FC (ESP),186,78,STUANI,Cristhian
Uruguay,21,FW,CAVANI Edinson,14.02.1987,CAVANI,Paris Saint-Germain FC (FRA),188,78,CAVANI,Edinson
Uruguay,7,MF,RODRIGUEZ Cristian,30.09.1985,C. RODRIGUEZ,CA Penarol (URU),178,79,RODRIGUEZ,Cristian
Uruguay,12,GK,CAMPANA Martin,29.05.1989,CAMPAÑA,CA Independiente (ARG),184,79,CAMPANA,Martin
Uruguay,15,MF,VECINO Matias,24.08.1991,VECINO,FC Internazionale (ITA),189,80,VECINO,Matias
Uruguay,23,GK,SILVA Martin,25.03.1983,M. SILVA,CR Vasco da Gama (BRA),187,82,SILVA,Martin
Uruguay,9,FW,SUAREZ Luis,24.01.1987,SUAREZ,FC Barcelona (ESP),182,85,SUAREZ,Luis
Uruguay,18,FW,GOMEZ Maximiliano,14.08.1996,M. GOMEZ,Celta Vigo (ESP),186,85,GOMEZ,Maximiliano
Uruguay,19,DF,COATES Sebastian,07.10.1990,COATES,Sporting CP (POR),196,89,COATES,Sebastian
